row_id,num_sold
26298,372.27
26299,560.52
26300,155.85
26301,640.18
26302,933.71
26303,281.46
26304,559.42
26305,864.06
26306,261.01
26307,1039.87
26308,1536.45
26309,450.22
26310,411.92
26311,600.84
26312,188.14
26313,750.19
26314,1155.31
26315,331.83
26316,332.93
26317,514.12
26318,143.01
26319,547.46
26320,884.85
26321,262.82
26322,525.8
26323,767.8
26324,234.48
26325,873.85
26326,1376.6
26327,425.22
26328,377.28
26329,549.8
26330,166.01
26331,690.93
26332,968.3
26333,281.78
26334,289.75
26335,468.02
26336,131.7
26337,528.63
26338,749.84
26339,212.75
26340,473.85
26341,719.06
26342,203.44
26343,771.92
26344,1290.05
26345,362.9
26346,333.13
26347,545.6
26348,159.98
26349,580.82
26350,917.43
26351,251.42
26352,282.64
26353,427.65
26354,118.71
26355,512.57
26356,766.56
26357,202.41
26358,445.67
26359,719.76
26360,207.12
26361,766.38
26362,1360.02
26363,357.33
26364,328.51
26365,541.57
26366,151.22
26367,600.77
26368,920.34
26369,270.76
26370,317.07
26371,526.96
26372,146.87
26373,562.26
26374,903.22
26375,253.75
26376,543.24
26377,885.05
26378,241.68
26379,955.8
26380,1491.34
26381,398.17
26382,399.52
26383,650.24
26384,188.54
26385,687.11
26386,1079.05
26387,331.17
26388,327.51
26389,530.01
26390,143.03
26391,568.51
26392,876.42
26393,261.47
26394,540.99
26395,878.93
26396,244.35
26397,955.4
26398,1477.71
26399,402.09
26400,386.46
26401,637.13
26402,184.97
26403,686.85
26404,1074.28
26405,318.81
26406,268.97
26407,427.8
26408,130.57
26409,493.03
26410,768.43
26411,211.56
26412,417.28
26413,672.54
26414,182.31
26415,692.24
26416,1197.79
26417,312.37
26418,308.56
26419,498.98
26420,134.96
26421,515.89
26422,880.81
26423,225.91
26424,270.11
26425,428.05
26426,127.77
26427,481.19
26428,765.28
26429,212.47
26430,407.55
26431,653.17
26432,181.8
26433,675.38
26434,1116.04
26435,317.66
26436,300.08
26437,481.76
26438,133.12
26439,518.73
26440,874.94
26441,222.47
26442,272.94
26443,436.71
26444,124.6
26445,486.88
26446,740.29
26447,210.63
26448,395.65
26449,642.2
26450,180.2
26451,651.06
26452,1084.07
26453,315.98
26454,292.1
26455,470.6
26456,132.63
26457,515.96
26458,880.78
26459,229.39
26460,276.16
26461,442.63
26462,124.07
26463,488.43
26464,724.97
26465,203.67
26466,392.83
26467,626.69
26468,170.44
26469,649.4
26470,1104.04
26471,295.53
26472,298.79
26473,446.23
26474,132.08
26475,510.46
26476,890.35
26477,223.95
26478,277.02
26479,440.72
26480,123.88
26481,477.7
26482,770.75
26483,208.13
26484,399.82
26485,663.49
26486,178.73
26487,666.98
26488,1147.03
26489,338.86
26490,302.18
26491,481.05
26492,124.97
26493,512.1
26494,895.34
26495,218.84
26496,301.93
26497,486.82
26498,145.79
26499,559.72
26500,857.01
26501,236.66
26502,459.03
26503,819.09
26504,222.3
26505,850.25
26506,1448.67
26507,362.91
26508,337.72
26509,573.4
26510,154.18
26511,611.06
26512,953.69
26513,255.06
26514,306.1
26515,485.51
26516,139.94
26517,558.27
26518,811.66
26519,240.68
26520,454.88
26521,805.83
26522,223.44
26523,850.22
26524,1416.68
26525,362.52
26526,339.33
26527,562.69
26528,157.56
26529,610.82
26530,962.58
26531,251.4
26532,233.97
26533,396.48
26534,112.65
26535,402.84
26536,681.97
26537,172.33
26538,362.0
26539,663.03
26540,174.91
26541,664.97
26542,1090.69
26543,310.1
26544,243.97
26545,449.57
26546,116.88
26547,450.88
26548,746.94
26549,200.43
26550,226.87
26551,396.22
26552,109.57
26553,399.36
26554,695.29
26555,167.05
26556,360.49
26557,644.44
26558,174.91
26559,668.21
26560,1102.9
26561,306.87
26562,247.97
26563,446.46
26564,115.56
26565,450.94
26566,723.96
26567,199.43
26568,223.31
26569,399.72
26570,106.53
26571,398.52
26572,707.5
26573,164.96
26574,370.46
26575,626.78
26576,170.85
26577,676.03
26578,1108.55
26579,294.73
26580,248.59
26581,422.18
26582,115.0
26583,433.45
26584,727.66
26585,198.66
26586,219.38
26587,407.42
26588,106.16
26589,396.0
26590,707.5
26591,164.44
26592,375.96
26593,621.98
26594,173.53
26595,707.9
26596,1082.65
26597,295.08
26598,254.31
26599,421.61
26600,114.31
26601,425.45
26602,716.38
26603,194.37
26604,235.12
26605,408.0
26606,104.19
26607,396.57
26608,738.87
26609,196.4
26610,395.46
26611,657.91
26612,179.48
26613,686.28
26614,1097.71
26615,319.16
26616,271.4
26617,439.88
26618,115.63
26619,455.42
26620,760.81
26621,203.27
26622,281.81
26623,510.39
26624,141.14
26625,511.76
26626,882.04
26627,236.98
26628,466.24
26629,794.72
26630,222.48
26631,842.6
26632,1400.64
26633,369.15
26634,317.35
26635,544.06
26636,138.64
26637,573.31
26638,910.65
26639,256.0
26640,287.66
26641,503.44
26642,136.19
26643,512.25
26644,854.17
26645,236.15
26646,468.64
26647,797.67
26648,223.96
26649,826.01
26650,1331.86
26651,372.73
26652,319.12
26653,530.49
26654,142.07
26655,576.24
26656,935.9
26657,253.42
26658,232.53
26659,394.5
26660,107.06
26661,377.94
26662,716.45
26663,175.0
26664,374.93
26665,669.76
26666,170.53
26667,689.95
26668,1093.16
26669,299.21
26670,231.88
26671,392.92
26672,115.6
26673,424.32
26674,723.2
26675,187.43
26676,233.53
26677,404.85
26678,108.37
26679,388.46
26680,717.31
26681,173.07
26682,372.1
26683,640.13
26684,169.4
26685,683.81
26686,1115.03
26687,300.4
26688,241.62
26689,401.03
26690,114.0
26691,427.74
26692,728.22
26693,190.76
26694,234.67
26695,410.31
26696,111.92
26697,404.66
26698,693.82
26699,173.97
26700,372.54
26701,634.07
26702,173.1
26703,682.92
26704,1149.19
26705,289.11
26706,254.14
26707,405.44
26708,113.53
26709,425.31
26710,733.61
26711,193.34
26712,227.69
26713,391.83
26714,110.18
26715,406.23
26716,688.93
26717,180.02
26718,365.8
26719,650.67
26720,175.16
26721,649.57
26722,1117.7
26723,284.84
26724,257.17
26725,414.28
26726,114.35
26727,423.08
26728,720.68
26729,194.94
26730,248.48
26731,411.28
26732,107.39
26733,404.25
26734,720.02
26735,195.37
26736,369.05
26737,677.38
26738,184.56
26739,664.49
26740,1100.61
26741,322.99
26742,260.57
26743,434.16
26744,118.64
26745,447.32
26746,778.07
26747,207.68
26748,263.27
26749,498.95
26750,127.41
26751,497.29
26752,863.98
26753,219.17
26754,465.21
26755,829.53
26756,213.92
26757,789.07
26758,1370.46
26759,366.94
26760,302.46
26761,558.54
26762,140.01
26763,536.56
26764,900.7
26765,242.32
26766,270.31
26767,490.35
26768,124.67
26769,497.06
26770,859.38
26771,220.18
26772,464.93
26773,813.25
26774,217.39
26775,779.39
26776,1354.19
26777,364.51
26778,308.73
26779,556.64
26780,145.77
26781,546.01
26782,934.9
26783,245.22
26784,224.37
26785,387.12
26786,101.69
26787,403.74
26788,677.46
26789,180.84
26790,373.12
26791,616.61
26792,171.57
26793,630.6
26794,1144.34
26795,297.09
26796,245.65
26797,424.31
26798,119.99
26799,428.19
26800,750.76
26801,193.81
26802,227.29
26803,390.45
26804,102.4
26805,401.69
26806,676.92
26807,182.85
26808,380.92
26809,620.85
26810,171.89
26811,624.98
26812,1135.94
26813,293.25
26814,251.06
26815,419.86
26816,121.34
26817,432.28
26818,749.98
26819,196.46
26820,232.56
26821,396.71
26822,103.67
26823,390.19
26824,677.28
26825,188.53
26826,378.13
26827,665.61
26828,170.92
26829,626.91
26830,1134.81
26831,291.08
26832,256.08
26833,417.79
26834,118.77
26835,430.52
26836,769.72
26837,200.07
26838,233.21
26839,410.64
26840,100.32
26841,389.56
26842,702.29
26843,187.77
26844,387.29
26845,682.12
26846,168.89
26847,625.25
26848,1144.86
26849,291.85
26850,257.79
26851,423.91
26852,114.8
26853,448.13
26854,789.86
26855,208.67
26856,229.58
26857,389.53
26858,106.15
26859,406.57
26860,766.55
26861,180.1
26862,366.26
26863,688.81
26864,183.9
26865,664.78
26866,1127.62
26867,317.09
26868,263.11
26869,460.34
26870,118.84
26871,463.5
26872,776.27
26873,204.26
26874,279.42
26875,522.88
26876,129.99
26877,499.81
26878,902.47
26879,227.75
26880,463.15
26881,851.42
26882,222.1
26883,846.11
26884,1576.45
26885,369.23
26886,312.74
26887,553.36
26888,139.48
26889,514.68
26890,909.52
26891,232.99
26892,282.68
26893,526.36
26894,121.55
26895,478.45
26896,877.7
26897,228.33
26898,472.36
26899,845.0
26900,222.98
26901,817.0
26902,1463.47
26903,365.84
26904,316.32
26905,525.75
26906,142.3
26907,524.5
26908,924.87
26909,228.9
26910,239.62
26911,401.13
26912,104.31
26913,393.58
26914,746.4
26915,170.27
26916,368.94
26917,705.58
26918,178.04
26919,667.37
26920,1215.27
26921,314.47
26922,249.86
26923,466.66
26924,117.07
26925,441.39
26926,758.14
26927,204.71
26928,231.31
26929,395.65
26930,102.4
26931,391.52
26932,731.97
26933,168.13
26934,370.1
26935,692.21
26936,168.79
26937,664.38
26938,1199.55
26939,298.19
26940,247.65
26941,458.38
26942,115.15
26943,431.91
26944,757.85
26945,199.89
26946,229.65
26947,414.33
26948,105.25
26949,382.62
26950,727.38
26951,165.9
26952,382.83
26953,684.32
26954,165.69
26955,632.08
26956,1170.76
26957,280.82
26958,251.2
26959,454.54
26960,114.62
26961,421.65
26962,798.5
26963,193.18
26964,225.95
26965,405.77
26966,103.59
26967,395.95
26968,724.21
26969,169.14
26970,377.53
26971,650.21
26972,165.42
26973,637.16
26974,1125.77
26975,279.69
26976,247.31
26977,429.21
26978,114.22
26979,401.95
26980,812.86
26981,193.26
26982,233.98
26983,412.08
26984,104.18
26985,402.28
26986,751.49
26987,175.51
26988,379.53
26989,692.13
26990,179.48
26991,674.21
26992,1147.88
26993,312.54
26994,246.74
26995,465.75
26996,116.29
26997,469.74
26998,822.19
26999,208.47
27000,272.72
27001,513.77
27002,130.89
27003,489.48
27004,893.14
27005,229.08
27006,461.32
27007,851.73
27008,210.97
27009,847.44
27010,1410.04
27011,341.19
27012,288.27
27013,558.17
27014,144.99
27015,530.9
27016,1004.27
27017,257.52
27018,260.15
27019,491.66
27020,126.56
27021,465.25
27022,867.92
27023,220.07
27024,467.73
27025,842.66
27026,213.37
27027,826.71
27028,1401.09
27029,340.33
27030,289.47
27031,545.01
27032,143.3
27033,515.68
27034,1010.63
27035,253.7
27036,240.78
27037,420.21
27038,100.58
27039,376.55
27040,699.6
27041,173.27
27042,368.02
27043,669.89
27044,157.72
27045,636.44
27046,1130.68
27047,297.86
27048,234.65
27049,456.56
27050,115.95
27051,424.11
27052,795.41
27053,192.52
27054,235.92
27055,421.57
27056,102.9
27057,384.19
27058,705.13
27059,175.14
27060,365.44
27061,674.14
27062,157.26
27063,626.92
27064,1135.04
27065,305.06
27066,239.43
27067,451.83
27068,113.55
27069,408.09
27070,787.34
27071,195.35
27072,233.57
27073,423.18
27074,105.32
27075,386.32
27076,698.94
27077,176.1
27078,372.65
27079,687.76
27080,161.41
27081,633.05
27082,1141.95
27083,302.74
27084,240.23
27085,458.5
27086,106.2
27087,401.61
27088,790.03
27089,195.45
27090,231.28
27091,431.44
27092,104.45
27093,401.92
27094,688.67
27095,171.9
27096,373.18
27097,690.41
27098,163.0
27099,636.31
27100,1144.65
27101,297.57
27102,237.71
27103,443.82
27104,101.64
27105,413.92
27106,808.02
27107,198.11
27108,234.69
27109,424.34
27110,104.64
27111,417.63
27112,750.7
27113,185.84
27114,375.96
27115,691.63
27116,183.61
27117,661.28
27118,1199.67
27119,315.51
27120,243.98
27121,452.35
27122,109.25
27123,442.44
27124,848.42
27125,214.16
27126,265.38
27127,516.49
27128,130.25
27129,497.57
27130,888.65
27131,215.98
27132,442.31
27133,846.86
27134,208.63
27135,857.13
27136,1462.84
27137,361.47
27138,297.0
27139,537.03
27140,138.27
27141,541.74
27142,994.62
27143,242.51
27144,265.07
27145,515.33
27146,125.98
27147,493.98
27148,880.12
27149,218.98
27150,449.84
27151,829.96
27152,215.84
27153,844.8
27154,1448.77
27155,363.78
27156,294.74
27157,547.21
27158,138.97
27159,515.06
27160,1010.37
27161,243.35
27162,210.75
27163,427.54
27164,99.72
27165,374.26
27166,698.12
27167,173.28
27168,364.07
27169,659.75
27170,161.53
27171,622.52
27172,1215.83
27173,295.78
27174,237.32
27175,455.56
27176,111.7
27177,399.04
27178,824.73
27179,192.23
27180,214.1
27181,433.93
27182,100.06
27183,383.34
27184,717.82
27185,173.07
27186,361.32
27187,666.67
27188,162.39
27189,606.82
27190,1229.78
27191,298.73
27192,239.5
27193,454.31
27194,111.87
27195,411.01
27196,818.91
27197,198.33
27198,218.26
27199,442.84
27200,100.62
27201,384.72
27202,748.83
27203,170.64
27204,359.22
27205,672.79
27206,166.94
27207,607.53
27208,1240.75
27209,284.64
27210,242.44
27211,452.66
27212,111.64
27213,437.16
27214,805.04
27215,199.85
27216,218.55
27217,435.27
27218,102.47
27219,387.85
27220,721.57
27221,167.56
27222,360.95
27223,687.4
27224,164.8
27225,646.75
27226,1191.19
27227,275.86
27228,243.37
27229,447.33
27230,110.25
27231,424.27
27232,794.55
27233,195.65
27234,225.43
27235,443.1
27236,104.73
27237,402.88
27238,728.12
27239,181.93
27240,366.11
27241,693.82
27242,177.71
27243,694.08
27244,1205.09
27245,321.99
27246,244.26
27247,452.46
27248,113.24
27249,427.08
27250,864.65
27251,200.83
27252,267.64
27253,539.61
27254,121.79
27255,504.27
27256,891.55
27257,218.46
27258,430.92
27259,860.67
27260,211.69
27261,796.78
27262,1437.33
27263,378.11
27264,292.92
27265,553.04
27266,134.52
27267,520.82
27268,1023.06
27269,239.84
27270,265.7
27271,534.65
27272,122.38
27273,482.29
27274,877.66
27275,222.89
27276,442.86
27277,853.34
27278,214.62
27279,789.09
27280,1417.18
27281,371.72
27282,287.45
27283,556.48
27284,138.18
27285,502.68
27286,993.66
27287,237.73
27288,210.28
27289,405.37
27290,99.55
27291,401.98
27292,719.45
27293,169.37
27294,359.52
27295,655.84
27296,166.27
27297,627.89
27298,1235.31
27299,300.55
27300,252.55
27301,449.13
27302,110.73
27303,423.6
27304,807.57
27305,195.98
27306,211.06
27307,406.34
27308,102.63
27309,400.64
27310,712.67
27311,169.6
27312,359.04
27313,657.45
27314,164.73
27315,620.27
27316,1249.55
27317,303.25
27318,249.74
27319,460.38
27320,110.14
27321,423.96
27322,789.04
27323,198.04
27324,213.19
27325,420.81
27326,108.51
27327,393.37
27328,697.24
27329,170.12
27330,359.23
27331,658.28
27332,158.0
27333,633.22
27334,1235.44
27335,292.0
27336,243.13
27337,477.46
27338,108.78
27339,417.1
27340,754.54
27341,202.25
27342,212.96
27343,430.34
27344,110.83
27345,392.69
27346,701.77
27347,178.7
27348,358.86
27349,651.35
27350,154.21
27351,658.75
27352,1245.35
27353,292.31
27354,238.84
27355,477.19
27356,108.28
27357,399.53
27358,752.01
27359,208.04
27360,217.66
27361,442.65
27362,106.15
27363,396.65
27364,766.5
27365,181.69
27366,364.17
27367,709.83
27368,176.93
27369,657.92
27370,1181.99
27371,317.87
27372,236.99
27373,494.9
27374,114.53
27375,427.47
27376,799.4
27377,202.53
27378,267.07
27379,561.15
27380,133.19
27381,491.01
27382,911.63
27383,225.39
27384,444.09
27385,908.69
27386,203.48
27387,760.28
27388,1708.96
27389,368.72
27390,293.57
27391,584.57
27392,136.31
27393,509.58
27394,996.86
27395,238.11
27396,270.53
27397,552.75
27398,123.58
27399,463.83
27400,910.05
27401,230.61
27402,452.64
27403,894.79
27404,204.84
27405,753.69
27406,1607.48
27407,354.31
27408,292.64
27409,584.56
27410,139.23
27411,503.17
27412,1006.72
27413,236.03
27414,215.16
27415,474.93
27416,106.27
27417,381.57
27418,795.41
27419,188.88
27420,367.39
27421,730.08
27422,177.69
27423,679.83
27424,1242.1
27425,297.28
27426,236.6
27427,482.33
27428,124.5
27429,411.83
27430,808.22
27431,202.05
27432,211.64
27433,460.01
27434,104.45
27435,373.04
27436,796.22
27437,185.52
27438,365.49
27439,717.58
27440,173.95
27441,683.57
27442,1258.9
27443,284.8
27444,228.29
27445,472.11
27446,119.52
27447,395.95
27448,803.64
27449,202.39
27450,214.02
27451,448.55
27452,108.7
27453,370.39
27454,815.16
27455,180.96
27456,368.03
27457,708.93
27458,169.13
27459,663.39
27460,1271.16
27461,286.92
27462,231.04
27463,474.84
27464,115.35
27465,394.16
27466,799.3
27467,201.11
27468,213.61
27469,414.18
27470,107.98
27471,355.01
27472,771.34
27473,182.85
27474,368.5
27475,701.02
27476,167.17
27477,622.63
27478,1232.78
27479,291.01
27480,216.69
27481,481.48
27482,114.64
27483,396.47
27484,804.03
27485,199.94
27486,212.4
27487,417.69
27488,105.13
27489,377.73
27490,780.14
27491,185.91
27492,376.25
27493,738.05
27494,177.52
27495,599.8
27496,1219.84
27497,342.39
27498,222.35
27499,478.56
27500,117.22
27501,437.48
27502,858.89
27503,207.95
27504,273.38
27505,585.7
27506,134.72
27507,483.37
27508,959.14
27509,231.25
27510,439.15
27511,912.33
27512,205.48
27513,777.75
27514,1625.34
27515,360.79
27516,302.45
27517,589.96
27518,145.02
27519,501.57
27520,1015.45
27521,252.53
27522,261.02
27523,545.69
27524,127.56
27525,462.53
27526,939.24
27527,230.04
27528,444.46
27529,900.58
27530,202.75
27531,771.22
27532,1523.04
27533,349.5
27534,297.08
27535,588.01
27536,144.93
27537,495.55
27538,985.12
27539,252.05
27540,200.21
27541,450.75
27542,103.96
27543,368.65
27544,763.93
27545,182.57
27546,367.27
27547,699.85
27548,171.02
27549,623.71
27550,1338.82
27551,300.11
27552,229.62
27553,467.72
27554,116.39
27555,398.89
27556,822.89
27557,189.29
27558,195.66
27559,432.39
27560,103.4
27561,368.6
27562,749.4
27563,177.05
27564,364.38
27565,700.32
27566,171.19
27567,622.99
27568,1311.0
27569,303.19
27570,226.67
27571,466.37
27572,114.76
27573,402.57
27574,817.14
27575,193.27
27576,202.85
27577,415.36
27578,102.08
27579,365.88
27580,742.89
27581,170.3
27582,375.2
27583,697.67
27584,162.91
27585,588.15
27586,1293.46
27587,308.7
27588,223.62
27589,472.45
27590,113.03
27591,394.98
27592,809.41
27593,197.02
27594,201.68
27595,432.48
27596,102.87
27597,359.34
27598,753.12
27599,175.74
27600,355.24
27601,636.49
27602,161.62
27603,587.86
27604,1283.04
27605,306.92
27606,229.82
27607,489.56
27608,111.92
27609,391.86
27610,814.0
27611,194.32
27612,194.74
27613,446.53
27614,102.45
27615,384.19
27616,787.43
27617,189.7
27618,352.1
27619,727.26
27620,174.98
27621,594.46
27622,1256.91
27623,317.4
27624,232.37
27625,498.09
27626,114.86
27627,440.92
27628,854.96
27629,193.22
27630,249.33
27631,556.87
27632,131.08
27633,464.91
27634,923.46
27635,216.39
27636,435.1
27637,880.53
27638,189.73
27639,750.07
27640,1527.7
27641,364.56
27642,285.3
27643,581.92
27644,140.07
27645,491.67
27646,951.7
27647,255.68
27648,251.46
27649,549.4
27650,130.77
27651,461.73
27652,962.44
27653,213.28
27654,433.62
27655,886.7
27656,197.59
27657,751.02
27658,1495.9
27659,360.48
27660,280.46
27661,582.77
27662,140.13
27663,487.5
27664,994.85
27665,251.94
27666,209.19
27667,438.57
27668,102.23
27669,372.51
27670,756.09
27671,179.91
27672,341.17
27673,756.68
27674,161.6
27675,601.47
27676,1222.56
27677,293.43
27678,227.72
27679,462.94
27680,118.14
27681,405.1
27682,816.0
27683,198.0
27684,213.28
27685,438.82
27686,101.05
27687,368.6
27688,754.84
27689,173.82
27690,343.15
27691,736.91
27692,161.48
27693,611.88
27694,1268.7
27695,293.99
27696,227.02
27697,477.48
27698,114.3
27699,409.02
27700,812.56
27701,199.34
27702,213.49
27703,437.55
27704,101.05
27705,356.16
27706,759.28
27707,172.13
27708,344.16
27709,703.26
27710,166.14
27711,600.7
27712,1304.09
27713,290.01
27714,228.42
27715,488.66
27716,110.37
27717,413.46
27718,807.16
27719,193.1
27720,213.31
27721,427.8
27722,103.47
27723,358.0
27724,745.86
27725,173.98
27726,349.28
27727,690.25
27728,168.91
27729,613.92
27730,1247.71
27731,282.0
27732,226.15
27733,489.68
27734,102.19
27735,416.46
27736,831.87
27737,184.62
27738,211.57
27739,434.41
27740,103.13
27741,369.43
27742,766.52
27743,181.53
27744,363.65
27745,736.06
27746,173.61
27747,607.29
27748,1259.45
27749,312.94
27750,229.0
27751,495.34
27752,108.74
27753,419.38
27754,894.34
27755,199.95
27756,238.64
27757,549.73
27758,130.36
27759,432.0
27760,914.09
27761,223.13
27762,425.73
27763,893.95
27764,209.44
27765,698.74
27766,1530.93
27767,375.26
27768,280.87
27769,595.22
27770,132.65
27771,488.27
27772,1096.23
27773,237.47
27774,244.84
27775,546.1
27776,130.17
27777,434.79
27778,903.82
27779,217.66
27780,417.82
27781,886.91
27782,214.42
27783,680.91
27784,1535.86
27785,365.13
27786,269.71
27787,588.77
27788,137.19
27789,465.34
27790,1068.95
27791,238.91
27792,206.34
27793,447.09
27794,96.74
27795,357.18
27796,709.62
27797,182.46
27798,353.01
27799,732.42
27800,168.57
27801,614.54
27802,1175.09
27803,298.6
27804,233.93
27805,479.07
27806,111.62
27807,404.4
27808,824.24
27809,192.55
27810,209.22
27811,456.18
27812,100.84
27813,359.04
27814,702.49
27815,180.17
27816,349.11
27817,715.78
27818,167.61
27819,614.16
27820,1219.94
27821,297.75
27822,238.8
27823,494.67
27824,112.89
27825,406.62
27826,830.77
27827,195.43
27828,208.94
27829,453.7
27830,103.4
27831,360.54
27832,721.38
27833,180.76
27834,340.06
27835,711.48
27836,168.11
27837,591.3
27838,1229.54
27839,295.63
27840,234.06
27841,493.7
27842,111.37
27843,403.18
27844,828.95
27845,198.56
27846,198.19
27847,449.53
27848,103.52
27849,346.81
27850,755.05
27851,180.17
27852,326.15
27853,707.38
27854,170.59
27855,595.7
27856,1220.15
27857,299.73
27858,229.44
27859,478.27
27860,106.72
27861,375.48
27862,821.22
27863,198.76
27864,203.45
27865,445.07
27866,106.82
27867,343.54
27868,814.4
27869,190.92
27870,333.45
27871,744.63
27872,177.2
27873,604.7
27874,1276.62
27875,318.23
27876,233.0
27877,494.98
27878,113.45
27879,415.66
27880,922.04
27881,206.1
27882,257.42
27883,549.95
27884,136.9
27885,472.65
27886,958.25
27887,242.73
27888,471.3
27889,979.06
27890,231.3
27891,801.98
27892,1674.34
27893,406.22
27894,268.97
27895,618.68
27896,145.36
27897,458.38
27898,1066.7
27899,243.85
27900,257.54
27901,545.56
27902,133.74
27903,464.0
27904,974.67
27905,235.24
27906,465.84
27907,979.28
27908,232.74
27909,800.92
27910,1701.0
27911,402.55
27912,264.73
27913,634.95
27914,147.61
27915,451.93
27916,1068.25
27917,243.62
27918,242.66
27919,511.2
27920,113.95
27921,400.62
27922,887.93
27923,216.81
27924,436.09
27925,951.72
27926,215.2
27927,729.49
27928,1683.9
27929,384.33
27930,272.65
27931,520.29
27932,134.17
27933,460.08
27934,933.36
27935,211.24
27936,239.81
27937,525.95
27938,114.59
27939,406.68
27940,924.36
27941,220.02
27942,455.54
27943,971.24
27944,219.93
27945,771.57
27946,1690.03
27947,393.38
27948,273.9
27949,549.8
27950,137.15
27951,469.21
27952,951.54
27953,217.97
27954,243.13
27955,561.02
27956,122.24
27957,418.86
27958,980.37
27959,226.21
27960,458.32
27961,1010.86
27962,227.02
27963,814.07
27964,1670.31
27965,405.42
27966,283.51
27967,589.31
27968,143.78
27969,494.67
27970,1009.38
27971,230.78
27972,266.82
27973,589.56
27974,130.4
27975,471.82
27976,1015.17
27977,237.63
27978,465.73
27979,1027.19
27980,230.41
27981,813.21
27982,1712.49
27983,406.78
27984,292.54
27985,629.14
27986,147.36
27987,511.75
27988,1070.62
27989,241.59
27990,271.75
27991,621.03
27992,135.13
27993,483.32
27994,1070.48
27995,226.83
27996,491.22
27997,1028.08
27998,230.87
27999,811.19
28000,1765.8
28001,411.25
28002,291.39
28003,659.32
28004,143.39
28005,529.69
28006,1077.18
28007,259.06
28008,303.26
28009,671.33
28010,160.9
28011,551.39
28012,1092.87
28013,255.4
28014,526.27
28015,1103.27
28016,263.89
28017,897.35
28018,1935.02
28019,463.83
28020,340.29
28021,720.18
28022,172.55
28023,599.84
28024,1290.32
28025,295.92
28026,306.9
28027,676.6
28028,157.93
28029,548.71
28030,1096.96
28031,267.15
28032,534.52
28033,1070.1
28034,263.9
28035,873.07
28036,1948.21
28037,458.59
28038,332.21
28039,723.58
28040,174.48
28041,613.5
28042,1315.39
28043,295.94
28044,228.3
28045,464.46
28046,114.83
28047,377.51
28048,829.66
28049,193.11
28050,378.26
28051,796.67
28052,186.11
28053,646.97
28054,1378.01
28055,338.41
28056,245.79
28057,522.61
28058,123.92
28059,433.19
28060,912.73
28061,210.31
28062,224.72
28063,457.86
28064,111.06
28065,372.01
28066,832.88
28067,188.75
28068,376.9
28069,770.81
28070,183.12
28071,644.58
28072,1319.09
28073,316.62
28074,242.35
28075,518.22
28076,122.52
28077,431.79
28078,906.34
28079,209.63
28080,211.48
28081,447.64
28082,108.05
28083,374.54
28084,834.81
28085,184.07
28086,348.37
28087,742.78
28088,170.83
28089,608.88
28090,1294.94
28091,300.68
28092,235.2
28093,511.81
28094,118.85
28095,431.85
28096,878.49
28097,205.58
28098,208.8
28099,446.95
28100,108.63
28101,362.93
28102,824.09
28103,179.3
28104,324.57
28105,731.85
28106,166.39
28107,586.55
28108,1228.41
28109,301.15
28110,219.71
28111,482.79
28112,114.77
28113,396.06
28114,843.23
28115,201.3
28116,202.1
28117,448.35
28118,109.63
28119,354.13
28120,815.93
28121,197.59
28122,315.86
28123,771.18
28124,186.79
28125,578.6
28126,1256.72
28127,319.89
28128,216.93
28129,492.31
28130,113.8
28131,379.19
28132,897.58
28133,214.39
28134,232.49
28135,582.53
28136,137.4
28137,426.41
28138,944.34
28139,231.37
28140,439.08
28141,893.83
28142,220.25
28143,696.13
28144,1648.71
28145,389.38
28146,268.5
28147,613.82
28148,144.72
28149,501.49
28150,1067.01
28151,270.6
28152,239.83
28153,561.89
28154,130.89
28155,421.7
28156,954.31
28157,230.05
28158,427.84
28159,892.53
28160,216.93
28161,674.51
28162,1604.51
28163,383.22
28164,251.71
28165,592.49
28166,140.69
28167,486.84
28168,1052.37
28169,261.36
28170,198.8
28171,443.9
28172,101.02
28173,346.93
28174,772.38
28175,189.81
28176,330.12
28177,711.41
28178,172.38
28179,588.5
28180,1255.87
28181,315.81
28182,218.87
28183,470.27
28184,113.21
28185,378.3
28186,846.13
28187,190.05
28188,197.41
28189,437.59
28190,101.14
28191,340.78
28192,753.17
28193,189.2
28194,332.87
28195,726.18
28196,173.09
28197,581.72
28198,1243.48
28199,303.18
28200,210.87
28201,464.2
28202,112.23
28203,376.42
28204,836.01
28205,183.57
28206,196.14
28207,423.91
28208,103.07
28209,336.21
28210,764.95
28211,185.44
28212,334.52
28213,737.55
28214,169.24
28215,578.46
28216,1237.24
28217,294.52
28218,213.65
28219,484.97
28220,112.75
28221,365.76
28222,835.86
28223,179.74
28224,192.01
28225,421.71
28226,100.54
28227,329.69
28228,767.28
28229,183.55
28230,332.4
28231,730.6
28232,167.73
28233,568.59
28234,1221.9
28235,302.22
28236,215.22
28237,494.03
28238,112.85
28239,362.85
28240,832.27
28241,191.06
28242,201.63
28243,424.1
28244,100.08
28245,350.34
28246,791.36
28247,183.64
28248,324.48
28249,772.18
28250,181.09
28251,567.39
28252,1322.87
28253,315.57
28254,222.44
28255,523.28
28256,123.17
28257,379.89
28258,901.72
28259,215.37
28260,232.09
28261,543.43
28262,129.94
28263,422.45
28264,955.55
28265,221.65
28266,435.86
28267,911.14
28268,215.35
28269,697.79
28270,1523.96
28271,372.12
28272,248.55
28273,597.07
28274,141.89
28275,469.29
28276,969.37
28277,246.39
28278,240.04
28279,545.34
28280,125.15
28281,415.32
28282,961.2
28283,217.38
28284,420.53
28285,912.78
28286,213.39
28287,681.66
28288,1496.35
28289,379.42
28290,250.36
28291,575.37
28292,137.97
28293,463.0
28294,996.02
28295,241.49
28296,198.07
28297,413.33
28298,102.44
28299,349.61
28300,742.45
28301,183.41
28302,326.77
28303,750.0
28304,174.32
28305,577.82
28306,1267.65
28307,291.0
28308,209.84
28309,486.66
28310,114.16
28311,362.25
28312,805.9
28313,197.42
28314,197.62
28315,420.32
28316,103.12
28317,340.52
28318,738.41
28319,179.7
28320,325.83
28321,731.8
28322,175.56
28323,570.74
28324,1280.96
28325,285.24
28326,208.49
28327,468.69
28328,110.02
28329,352.29
28330,783.71
28331,196.99
28332,197.75
28333,424.11
28334,103.66
28335,326.44
28336,749.67
28337,177.4
28338,318.8
28339,713.73
28340,173.72
28341,553.25
28342,1281.79
28343,285.93
28344,214.41
28345,476.79
28346,106.09
28347,365.99
28348,796.05
28349,200.65
28350,181.68
28351,427.99
28352,105.47
28353,329.01
28354,752.48
28355,173.08
28356,309.96
28357,692.63
28358,169.93
28359,542.11
28360,1267.6
28361,292.45
28362,216.57
28363,488.56
28364,106.27
28365,374.42
28366,818.98
28367,191.96
28368,186.0
28369,439.58
28370,106.8
28371,335.45
28372,768.62
28373,184.36
28374,313.88
28375,685.59
28376,177.37
28377,542.73
28378,1298.65
28379,304.02
28380,217.45
28381,500.93
28382,129.31
28383,353.15
28384,875.25
28385,201.94
28386,241.43
28387,554.59
28388,131.2
28389,405.07
28390,899.22
28391,220.28
28392,402.94
28393,889.67
28394,214.28
28395,722.7
28396,1625.76
28397,386.46
28398,252.68
28399,613.51
28400,145.78
28401,460.94
28402,997.79
28403,250.35
28404,248.09
28405,554.56
28406,128.68
28407,405.53
28408,905.12
28409,216.71
28410,394.49
28411,885.58
28412,214.17
28413,708.91
28414,1606.85
28415,384.37
28416,252.67
28417,613.65
28418,140.61
28419,453.24
28420,979.88
28421,243.93
28422,188.95
28423,416.02
28424,100.3
28425,329.27
28426,747.63
28427,181.31
28428,318.37
28429,708.63
28430,158.78
28431,543.6
28432,1191.22
28433,303.14
28434,215.34
28435,474.05
28436,112.14
28437,364.68
28438,849.14
28439,194.94
28440,191.04
28441,417.65
28442,101.74
28443,326.64
28444,747.28
28445,177.77
28446,318.91
28447,706.25
28448,157.85
28449,542.28
28450,1214.26
28451,299.05
28452,216.02
28453,468.17
28454,111.06
28455,354.17
28456,821.29
28457,194.17
28458,199.65
28459,451.16
28460,110.38
28461,324.77
28462,737.5
28463,188.5
28464,323.43
28465,733.76
28466,177.94
28467,534.97
28468,1257.7
28469,307.88
28470,211.62
28471,477.8
28472,117.33
28473,349.82
28474,818.83
28475,194.13
28476,207.12
28477,452.76
28478,112.53
28479,320.59
28480,796.27
28481,189.27
28482,326.66
28483,735.64
28484,175.28
28485,540.35
28486,1311.04
28487,313.55
28488,214.79
28489,494.02
28490,120.35
28491,377.96
28492,857.91
28493,194.42
28494,218.89
28495,468.67
28496,117.34
28497,344.0
28498,875.45
28499,210.98
28500,346.97
28501,747.22
28502,184.73
28503,597.66
28504,1382.05
28505,343.33
28506,227.72
28507,517.25
28508,131.22
28509,419.47
28510,928.18
28511,219.2
28512,263.6
28513,587.0
28514,142.78
28515,469.64
28516,1039.43
28517,236.62
28518,450.12
28519,993.6
28520,253.65
28521,786.93
28522,1725.85
28523,430.4
28524,284.78
28525,644.71
28526,144.35
28527,473.96
28528,1085.77
28529,273.73
28530,270.94
28531,596.61
28532,147.57
28533,466.69
28534,1039.07
28535,240.28
28536,461.72
28537,965.78
28538,255.6
28539,787.33
28540,1723.13
28541,432.0
28542,295.86
28543,659.45
28544,152.57
28545,495.81
28546,1154.76
28547,287.06
28548,216.92
28549,498.61
28550,119.91
28551,364.01
28552,865.81
28553,192.44
28554,334.23
28555,767.34
28556,188.53
28557,591.7
28558,1362.39
28559,326.42
28560,217.25
28561,508.84
28562,131.98
28563,380.5
28564,876.45
28565,221.73
28566,215.11
28567,468.4
28568,114.49
28569,358.51
28570,789.85
28571,194.11
28572,331.79
28573,748.47
28574,184.0
28575,596.08
28576,1349.37
28577,316.69
28578,216.21
28579,498.73
28580,128.28
28581,381.52
28582,846.43
28583,220.71
28584,209.67
28585,451.01
28586,104.82
28587,341.73
28588,776.05
28589,190.53
28590,330.34
28591,724.04
28592,168.41
28593,589.67
28594,1305.93
28595,313.64
28596,215.03
28597,485.55
28598,121.08
28599,377.14
28600,838.47
28601,212.53
28602,191.08
28603,443.23
28604,106.34
28605,335.12
28606,782.6
28607,183.79
28608,332.65
28609,693.18
28610,160.73
28611,566.51
28612,1285.91
28613,307.63
28614,209.67
28615,450.39
28616,113.3
28617,359.45
28618,817.19
28619,206.93
28620,186.62
28621,439.85
28622,110.5
28623,352.72
28624,807.53
28625,200.37
28626,333.14
28627,724.06
28628,181.01
28629,559.73
28630,1304.72
28631,338.16
28632,213.15
28633,474.39
28634,124.88
28635,377.37
28636,846.22
28637,210.83
28638,244.75
28639,578.55
28640,144.38
28641,421.46
28642,916.09
28643,237.34
28644,404.85
28645,972.02
28646,227.97
28647,684.94
28648,1674.24
28649,418.39
28650,269.04
28651,620.15
28652,149.32
28653,466.61
28654,1063.65
28655,273.73
28656,251.51
28657,577.75
28658,138.79
28659,425.05
28660,948.34
28661,240.32
28662,410.06
28663,941.51
28664,228.34
28665,683.96
28666,1674.51
28667,421.48
28668,268.06
28669,626.59
28670,158.39
28671,463.59
28672,1089.26
28673,276.83
28674,211.75
28675,495.18
28676,111.16
28677,369.99
28678,811.07
28679,195.35
28680,320.13
28681,762.94
28682,202.04
28683,617.66
28684,1461.53
28685,333.52
28686,231.43
28687,499.73
28688,124.9
28689,375.24
28690,895.67
28691,214.61
28692,217.24
28693,484.51
28694,114.04
28695,371.92
28696,839.56
28697,198.27
28698,325.68
28699,771.91
28700,202.89
28701,624.47
28702,1439.37
28703,334.69
28704,234.85
28705,506.6
28706,126.04
28707,377.44
28708,894.89
28709,215.11
28710,212.86
28711,475.7
28712,118.01
28713,360.93
28714,850.26
28715,205.42
28716,332.79
28717,772.03
28718,198.38
28719,590.65
28720,1362.96
28721,339.46
28722,223.98
28723,483.36
28724,126.49
28725,380.22
28726,887.38
28727,213.23
28728,200.45
28729,467.79
28730,115.41
28731,353.41
28732,797.73
28733,204.41
28734,337.02
28735,776.68
28736,190.72
28737,567.56
28738,1315.54
28739,340.15
28740,206.14
28741,470.36
28742,118.1
28743,381.29
28744,879.84
28745,213.35
28746,199.98
28747,458.42
28748,113.89
28749,347.26
28750,792.78
28751,205.18
28752,340.1
28753,788.36
28754,194.17
28755,554.66
28756,1310.57
28757,346.46
28758,215.63
28759,492.5
28760,123.54
28761,360.71
28762,858.39
28763,205.56
28764,224.85
28765,496.85
28766,135.48
28767,415.9
28768,937.37
28769,229.56
28770,401.86
28771,978.6
28772,236.79
28773,678.76
28774,1591.74
28775,402.39
28776,244.79
28777,550.64
28778,139.33
28779,419.83
28780,966.73
28781,251.79
28782,226.14
28783,498.73
28784,132.56
28785,415.3
28786,959.14
28787,225.27
28788,411.9
28789,974.52
28790,239.77
28791,686.75
28792,1589.83
28793,409.0
28794,248.63
28795,550.53
28796,138.6
28797,416.43
28798,1000.42
28799,251.3
28800,186.37
28801,432.66
28802,103.46
28803,340.19
28804,759.1
28805,188.04
28806,337.67
28807,792.09
28808,211.31
28809,663.34
28810,1507.8
28811,356.51
28812,210.55
28813,461.89
28814,121.1
28815,339.0
28816,824.56
28817,208.72
28818,195.67
28819,421.3
28820,104.85
28821,341.89
28822,773.97
28823,184.17
28824,349.5
28825,801.06
28826,218.22
28827,685.8
28828,1548.3
28829,361.1
28830,210.31
28831,476.64
28832,120.79
28833,354.58
28834,815.6
28835,206.39
28836,201.11
28837,422.76
28838,113.41
28839,337.82
28840,793.05
28841,182.99
28842,379.38
28843,845.17
28844,226.22
28845,686.97
28846,1580.57
28847,370.71
28848,209.49
28849,483.1
28850,122.62
28851,365.56
28852,831.05
28853,208.8
28854,202.4
28855,458.15
28856,114.76
28857,333.54
28858,796.55
28859,197.65
28860,399.29
28861,884.43
28862,221.35
28863,680.84
28864,1565.77
28865,370.02
28866,214.3
28867,488.6
28868,121.94
28869,365.92
28870,849.89
28871,218.62
28872,202.43
28873,488.35
28874,121.26
28875,347.42
28876,824.93
28877,213.23
28878,407.11
28879,911.47
28880,220.43
28881,675.14
28882,1579.83
28883,379.76
28884,218.89
28885,513.42
28886,134.67
28887,373.73
28888,900.06
28889,218.7
28890,242.15
28891,526.62
28892,142.98
28893,430.64
28894,896.17
28895,246.87
28896,445.92
28897,1053.68
28898,253.28
28899,743.42
28900,1768.89
28901,451.57
28902,260.98
28903,598.92
28904,160.88
28905,471.41
28906,1073.26
28907,274.75
28908,242.11
28909,538.01
28910,136.86
28911,431.69
28912,897.3
28913,238.94
28914,443.01
28915,1022.56
28916,250.03
28917,753.15
28918,1787.33
28919,453.7
28920,256.43
28921,602.59
28922,151.79
28923,464.21
28924,1065.13
28925,271.72
28926,190.19
28927,422.32
28928,108.14
28929,311.49
28930,697.08
28931,187.42
28932,331.55
28933,712.5
28934,207.79
28935,579.6
28936,1331.59
28937,333.28
28938,210.04
28939,472.13
28940,116.61
28941,352.92
28942,836.87
28943,216.31
28944,191.17
28945,416.25
28946,109.23
28947,307.82
28948,707.33
28949,187.34
28950,324.31
28951,691.64
28952,207.83
28953,573.61
28954,1277.97
28955,327.89
28956,208.25
28957,465.44
28958,114.87
28959,344.4
28960,798.13
28961,212.48
28962,183.05
28963,423.08
28964,114.22
28965,306.13
28966,736.4
28967,188.77
28968,329.66
28969,697.05
28970,194.17
28971,567.13
28972,1227.39
28973,329.1
28974,201.56
28975,452.92
28976,114.85
28977,356.8
28978,793.97
28979,207.08
28980,172.35
28981,430.57
28982,114.44
28983,311.38
28984,738.25
28985,179.56
28986,290.46
28987,699.52
28988,179.85
28989,525.44
28990,1193.56
28991,309.29
28992,203.41
28993,450.1
28994,113.34
28995,334.25
28996,822.94
28997,201.15
28998,184.87
28999,419.98
29000,116.14
29001,317.54
29002,757.66
29003,210.95
29004,303.41
29005,681.71
29006,182.74
29007,536.32
29008,1197.37
29009,330.23
29010,207.69
29011,492.14
29012,130.89
29013,358.28
29014,861.6
29015,208.81
29016,220.34
29017,507.06
29018,133.65
29019,391.83
29020,857.7
29021,226.04
29022,352.5
29023,817.27
29024,217.44
29025,663.41
29026,1799.8
29027,385.11
29028,246.42
29029,544.81
29030,140.2
29031,427.04
29032,1001.2
29033,259.95
29034,232.68
29035,495.64
29036,129.22
29037,392.0
29038,857.56
29039,222.47
29040,354.4
29041,803.29
29042,215.93
29043,661.83
29044,1589.07
29045,382.4
29046,242.16
29047,544.1
29048,142.31
29049,416.04
29050,985.34
29051,259.03
29052,166.25
29053,421.17
29054,102.86
29055,329.74
29056,665.16
29057,185.09
29058,293.38
29059,670.36
29060,162.43
29061,521.0
29062,1191.49
29063,288.81
29064,202.5
29065,442.3
29066,119.02
29067,323.66
29068,811.4
29069,206.14
29070,168.59
29071,415.35
29072,100.88
29073,333.95
29074,656.15
29075,184.48
29076,291.81
29077,661.23
29078,159.95
29079,522.05
29080,1201.26
29081,296.36
29082,197.51
29083,434.79
29084,116.05
29085,325.24
29086,817.04
29087,208.59
29088,171.3
29089,415.46
29090,101.32
29091,324.73
29092,656.53
29093,184.64
29094,298.43
29095,653.85
29096,156.92
29097,514.91
29098,1197.54
29099,294.12
29100,193.14
29101,427.13
29102,114.37
29103,329.42
29104,793.06
29105,208.56
29106,173.51
29107,428.85
29108,102.64
29109,305.63
29110,703.29
29111,182.25
29112,302.24
29113,642.46
29114,153.91
29115,512.47
29116,1145.54
29117,294.0
29118,190.84
29119,454.55
29120,115.46
29121,339.75
29122,768.47
29123,208.11
29124,179.75
29125,414.65
29126,103.52
29127,311.64
29128,700.23
29129,199.08
29130,305.26
29131,606.12
29132,167.31
29133,543.48
29134,1156.04
29135,317.69
29136,219.19
29137,499.44
29138,127.02
29139,383.58
29140,830.36
29141,223.0
29142,225.73
29143,542.33
29144,143.0
29145,364.68
29146,823.36
29147,228.79
29148,345.4
29149,816.42
29150,212.36
29151,582.79
29152,1493.85
29153,352.95
29154,249.46
29155,612.26
29156,157.11
29157,477.51
29158,1111.15
29159,280.9
29160,233.28
29161,500.35
29162,138.85
29163,372.96
29164,822.77
29165,220.67
29166,351.99
29167,806.42
29168,204.26
29169,572.15
29170,1440.87
29171,355.76
29172,253.99
29173,598.8
29174,159.34
29175,475.68
29176,1108.22
29177,278.55
29178,171.48
29179,388.16
29180,104.04
29181,319.12
29182,652.23
29183,187.28
29184,268.95
29185,634.28
29186,165.27
29187,543.89
29188,1040.06
29189,284.04
29190,217.54
29191,474.51
29192,121.89
29193,369.36
29194,857.7
29195,219.06
29196,169.23
29197,379.45
29198,103.52
29199,327.99
29200,670.83
29201,184.94
29202,269.25
29203,618.83
29204,166.55
29205,542.4
29206,1091.2
29207,303.0
29208,206.98
29209,464.06
29210,120.79
29211,361.66
29212,832.53
29213,215.38
29214,171.81
29215,367.65
29216,104.87
29217,321.43
29218,675.99
29219,181.17
29220,281.03
29221,628.9
29222,169.71
29223,528.66
29224,1096.68
29225,302.18
29226,199.51
29227,458.37
29228,120.83
29229,371.78
29230,836.77
29231,208.2
29232,174.49
29233,379.01
29234,102.89
29235,309.68
29236,673.01
29237,174.91
29238,283.49
29239,641.76
29240,172.04
29241,490.21
29242,1095.6
29243,288.94
29244,199.15
29245,450.79
29246,119.65
29247,368.98
29248,822.9
29249,200.87
29250,186.93
29251,388.31
29252,102.72
29253,297.45
29254,684.39
29255,203.6
29256,291.64
29257,640.69
29258,189.3
29259,527.8
29260,1111.61
29261,312.11
29262,201.29
29263,457.03
29264,120.48
29265,356.63
29266,800.59
29267,206.19
29268,215.24
29269,483.72
29270,131.86
29271,363.67
29272,832.45
29273,237.66
29274,341.43
29275,799.88
29276,207.89
29277,584.62
29278,1392.02
29279,356.39
29280,235.06
29281,540.35
29282,137.54
29283,423.37
29284,918.23
29285,245.96
29286,228.07
29287,480.19
29288,132.12
29289,371.41
29290,846.13
29291,228.03
29292,355.97
29293,802.52
29294,211.42
29295,582.72
29296,1366.64
29297,364.21
29298,233.15
29299,540.01
29300,137.27
29301,420.81
29302,930.34
29303,241.58
29304,179.94
29305,373.3
29306,102.4
29307,290.05
29308,622.71
29309,199.42
29310,287.22
29311,664.55
29312,173.71
29313,493.88
29314,1103.09
29315,287.47
29316,195.7
29317,414.04
29318,111.36
29319,309.4
29320,687.6
29321,194.33
29322,182.32
29323,375.0
29324,101.72
29325,296.18
29326,630.13
29327,188.35
29328,291.16
29329,644.01
29330,171.97
29331,491.24
29332,1147.52
29333,293.56
29334,189.96
29335,413.99
29336,111.71
29337,316.63
29338,716.36
29339,196.29
29340,180.47
29341,375.8
29342,100.47
29343,302.95
29344,646.93
29345,179.91
29346,288.99
29347,629.36
29348,169.41
29349,501.63
29350,1149.47
29351,297.04
29352,186.71
29353,413.0
29354,114.26
29355,311.81
29356,680.16
29357,196.36
29358,176.76
29359,370.41
29360,106.29
29361,307.25
29362,657.5
29363,180.63
29364,279.32
29365,631.72
29366,165.26
29367,487.18
29368,1122.22
29369,301.66
29370,193.44
29371,410.51
29372,111.2
29373,332.84
29374,707.92
29375,197.55
29376,184.53
29377,384.15
29378,108.78
29379,312.53
29380,651.26
29381,202.47
29382,289.7
29383,653.44
29384,187.19
29385,512.75
29386,1122.64
29387,317.44
29388,195.99
29389,415.9
29390,118.92
29391,340.27
29392,748.45
29393,207.59
29394,225.43
29395,501.38
29396,133.12
29397,378.01
29398,871.07
29399,235.54
29400,350.52
29401,773.58
29402,206.07
29403,624.61
29404,1327.44
29405,364.26
29406,243.78
29407,532.86
29408,151.85
29409,410.06
29410,988.01
29411,257.98
29412,236.61
29413,491.64
29414,134.93
29415,405.38
29416,898.6
29417,234.38
29418,356.57
29419,770.5
29420,208.55
29421,625.65
29422,1352.94
29423,366.27
29424,249.78
29425,543.75
29426,151.13
29427,410.72
29428,995.72
29429,263.56
29430,195.54
29431,422.04
29432,126.55
29433,357.29
29434,711.61
29435,209.63
29436,282.8
29437,604.24
29438,169.35
29439,496.78
29440,1054.97
29441,286.41
29442,211.02
29443,443.95
29444,126.4
29445,353.66
29446,765.7
29447,221.86
29448,206.33
29449,430.04
29450,130.35
29451,372.18
29452,755.59
29453,217.23
29454,284.52
29455,597.0
29456,178.05
29457,495.78
29458,1058.26
29459,290.75
29460,234.25
29461,470.63
29462,133.86
29463,381.32
29464,826.98
29465,224.8
29466,214.05
29467,436.5
29468,134.39
29469,367.26
29470,799.26
29471,228.7
29472,294.78
29473,594.49
29474,180.94
29475,489.98
29476,1031.66
29477,281.06
29478,238.95
29479,499.89
29480,135.92
29481,400.25
29482,899.99
29483,237.9
29484,221.9
29485,456.64
29486,135.17
29487,371.47
29488,816.46
29489,231.53
29490,304.05
29491,597.96
29492,176.32
29493,501.51
29494,1036.7
29495,277.46
29496,231.88
29497,515.6
29498,138.95
29499,426.42
29500,910.3
29501,243.7
29502,218.14
29503,458.08
29504,135.01
29505,387.5
29506,778.02
29507,215.13
29508,295.7
29509,605.12
29510,184.4
29511,517.54
29512,1047.8
29513,317.38
29514,226.7
29515,512.09
29516,129.59
29517,414.47
29518,897.71
29519,227.27
29520,236.87
29521,525.01
29522,140.53
29523,415.36
29524,848.12
29525,243.36
29526,353.33
29527,703.94
29528,209.9
29529,614.12
29530,1303.24
29531,340.14
29532,237.53
29533,539.74
29534,154.46
29535,417.59
29536,948.79
29537,266.61
29538,247.02
29539,518.61
29540,139.85
29541,424.14
29542,878.22
29543,262.44
29544,362.99
29545,708.24
29546,220.4
29547,613.38
29548,1331.51
29549,340.82
29550,231.87
29551,552.16
29552,149.72
29553,413.34
29554,950.07
29555,268.51
29556,165.87
29557,385.13
29558,105.37
29559,304.76
29560,670.28
29561,190.34
29562,295.73
29563,600.87
29564,168.04
29565,516.43
29566,982.66
29567,275.7
29568,195.17
29569,422.41
29570,115.75
29571,334.7
29572,709.9
29573,191.36
29574,163.21
29575,373.62
29576,100.31
29577,301.1
29578,653.57
29579,198.04
29580,289.11
29581,602.85
29582,171.78
29583,502.16
29584,994.78
29585,289.8
29586,190.96
29587,407.44
29588,114.49
29589,322.74
29590,732.16
29591,191.47
29592,167.67
29593,372.91
29594,99.01
29595,297.23
29596,637.28
29597,186.71
29598,295.43
29599,602.28
29600,169.51
29601,507.7
29602,1011.11
29603,297.69
29604,188.23
29605,375.16
29606,116.47
29607,324.8
29608,730.24
29609,195.79
29610,173.82
29611,343.61
29612,99.25
29613,300.69
29614,636.17
29615,178.54
29616,293.76
29617,600.22
29618,165.91
29619,501.05
29620,1032.04
29621,296.73
29622,184.7
29623,362.28
29624,114.8
29625,331.74
29626,715.09
29627,193.68
29628,173.07
29629,353.23
29630,107.88
29631,323.05
29632,637.57
29633,192.7
29634,299.41
29635,603.88
29636,181.11
29637,508.39
29638,1025.74
29639,340.3
29640,193.91
29641,411.35
29642,117.54
29643,347.91
29644,698.7
29645,195.49
29646,213.37
29647,434.55
29648,127.37
29649,377.83
29650,760.38
29651,220.19
29652,337.58
29653,677.66
29654,214.36
29655,631.79
29656,1235.98
29657,345.48
29658,225.19
29659,467.21
29660,133.6
29661,389.73
29662,821.44
29663,240.48
29664,217.19
29665,436.9
29666,131.18
29667,375.59
29668,759.72
29669,216.43
29670,342.5
29671,668.63
29672,214.51
29673,608.2
29674,1277.59
29675,354.02
29676,227.89
29677,466.77
29678,139.27
29679,386.05
29680,856.07
29681,243.56
29682,172.52
29683,347.87
29684,99.38
29685,292.22
29686,590.97
29687,174.98
29688,284.67
29689,598.21
29690,173.18
29691,505.55
29692,952.93
29693,279.78
29694,185.4
29695,375.32
29696,117.47
29697,329.88
29698,693.76
29699,186.76
29700,170.43
29701,345.43
29702,99.91
29703,294.0
29704,591.92
29705,176.81
29706,283.01
29707,595.65
29708,172.31
29709,503.94
29710,964.84
29711,293.37
29712,185.06
29713,368.26
29714,114.04
29715,318.8
29716,688.7
29717,187.0
29718,168.26
29719,340.43
29720,101.03
29721,294.03
29722,579.91
29723,176.09
29724,279.4
29725,570.83
29726,170.19
29727,502.81
29728,968.89
29729,304.45
29730,175.48
29731,369.3
29732,113.86
29733,313.84
29734,675.96
29735,196.86
29736,173.11
29737,333.91
29738,103.2
29739,308.72
29740,571.89
29741,176.19
29742,277.0
29743,561.84
29744,169.77
29745,487.96
29746,1019.55
29747,303.03
29748,179.72
29749,365.74
29750,114.81
29751,319.49
29752,671.43
29753,198.84
29754,186.4
29755,353.65
29756,109.75
29757,321.26
29758,617.09
29759,197.21
29760,291.38
29761,589.59
29762,176.95
29763,491.78
29764,1029.28
29765,338.17
29766,190.59
29767,389.82
29768,119.82
29769,349.26
29770,684.7
29771,200.27
29772,223.12
29773,416.19
29774,124.95
29775,386.84
29776,732.65
29777,225.35
29778,334.41
29779,702.82
29780,205.38
29781,596.58
29782,1159.46
29783,354.89
29784,241.57
29785,474.65
29786,141.55
29787,397.99
29788,806.09
29789,249.25
29790,224.76
29791,416.15
29792,124.78
29793,383.72
29794,734.61
29795,220.24
29796,344.69
29797,696.0
29798,204.73
29799,587.72
29800,1189.79
29801,364.31
29802,241.88
29803,467.67
29804,140.83
29805,393.34
29806,836.47
29807,246.5
29808,165.55
29809,334.74
29810,103.8
29811,295.3
29812,599.49
29813,176.78
29814,274.49
29815,533.28
29816,166.57
29817,492.64
29818,973.47
29819,284.06
29820,190.2
29821,374.16
29822,112.05
29823,333.5
29824,627.91
29825,188.37
29826,165.38
29827,333.02
29828,103.77
29829,303.89
29830,601.44
29831,179.51
29832,276.82
29833,554.29
29834,169.43
29835,491.1
29836,975.27
29837,294.97
29838,192.13
29839,370.23
29840,109.28
29841,317.67
29842,619.94
29843,190.39
29844,169.03
29845,332.98
29846,103.86
29847,309.0
29848,595.31
29849,179.47
29850,270.49
29851,556.81
29852,168.11
29853,481.87
29854,976.31
29855,301.41
29856,187.75
29857,360.32
29858,107.74
29859,315.42
29860,621.57
29861,200.33
29862,172.75
29863,325.39
29864,102.66
29865,310.53
29866,593.53
29867,183.34
29868,271.27
29869,560.53
29870,164.06
29871,470.16
29872,1019.8
29873,296.73
29874,179.14
29875,351.51
29876,109.21
29877,331.29
29878,625.59
29879,202.05
29880,180.17
29881,380.84
29882,106.05
29883,317.07
29884,609.41
29885,195.95
29886,291.81
29887,579.62
29888,171.33
29889,523.31
29890,1031.96
29891,322.97
29892,192.58
29893,379.12
29894,119.59
29895,337.58
29896,625.57
29897,206.61
29898,213.57
29899,424.58
29900,122.92
29901,368.18
29902,741.56
29903,224.89
29904,347.43
29905,652.19
29906,202.52
29907,638.29
29908,1112.96
29909,362.82
29910,236.54
29911,453.16
29912,146.03
29913,399.06
29914,789.79
29915,251.77
29916,218.18
29917,420.08
29918,123.14
29919,373.39
29920,740.51
29921,221.61
29922,343.93
29923,645.32
29924,203.51
29925,629.3
29926,1100.14
29927,369.76
29928,236.18
29929,445.3
29930,143.84
29931,402.88
29932,791.1
29933,250.81
29934,174.75
29935,319.04
29936,103.03
29937,298.92
29938,563.35
29939,181.87
29940,292.16
29941,522.2
29942,160.97
29943,503.81
29944,927.59
29945,293.64
29946,194.57
29947,367.4
29948,110.96
29949,339.39
29950,633.21
29951,184.74
29952,171.04
29953,317.15
29954,102.04
29955,303.66
29956,556.49
29957,180.75
29958,294.26
29959,534.76
29960,160.37
29961,502.09
29962,919.37
29963,305.24
29964,196.72
29965,371.55
29966,109.4
29967,337.35
29968,632.69
29969,183.84
29970,167.39
29971,318.81
29972,101.18
29973,301.83
29974,570.26
29975,179.26
29976,281.37
29977,538.95
29978,164.77
29979,505.51
29980,921.24
29981,305.72
29982,188.96
29983,367.57
29984,109.51
29985,333.23
29986,620.63
29987,192.98
29988,178.08
29989,319.21
29990,99.22
29991,296.36
29992,582.55
29993,187.31
29994,281.47
29995,531.1
29996,172.08
29997,525.04
29998,977.93
29999,298.25
30000,184.86
30001,353.4
30002,112.79
30003,329.43
30004,624.66
30005,197.12
30006,184.11
30007,343.25
30008,107.65
30009,302.74
30010,568.3
30011,188.68
30012,301.46
30013,544.31
30014,164.72
30015,521.45
30016,1011.01
30017,308.45
30018,195.11
30019,363.49
30020,116.37
30021,335.01
30022,631.81
30023,202.67
30024,222.65
30025,399.94
30026,118.9
30027,417.82
30028,679.74
30029,229.5
30030,338.38
30031,655.77
30032,205.45
30033,619.99
30034,1131.42
30035,366.27
30036,240.29
30037,423.21
30038,144.05
30039,420.72
30040,777.66
30041,234.86
30042,219.57
30043,398.49
30044,121.13
30045,424.16
30046,679.23
30047,220.51
30048,332.14
30049,652.66
30050,201.85
30051,613.98
30052,1126.49
30053,360.72
30054,234.1
30055,423.93
30056,142.18
30057,422.36
30058,794.82
30059,233.04
30060,180.31
30061,315.97
30062,102.12
30063,288.95
30064,546.81
30065,177.11
30066,284.65
30067,503.05
30068,173.89
30069,492.74
30070,937.11
30071,282.6
30072,194.23
30073,341.38
30074,109.21
30075,334.5
30076,582.53
30077,187.75
30078,174.98
30079,320.58
30080,102.12
30081,299.57
30082,531.68
30083,175.9
30084,286.75
30085,527.5
30086,171.96
30087,487.47
30088,929.85
30089,275.33
30090,195.75
30091,330.7
30092,108.53
30093,329.5
30094,567.88
30095,185.33
30096,176.92
30097,326.43
30098,99.75
30099,304.52
30100,540.76
30101,178.39
30102,289.71
30103,534.44
30104,171.44
30105,478.53
30106,915.53
30107,278.72
30108,191.18
30109,328.03
30110,110.07
30111,335.18
30112,590.08
30113,190.42
30114,185.73
30115,323.24
30116,104.56
30117,303.67
30118,591.32
30119,184.48
30120,297.21
30121,526.32
30122,163.37
30123,530.75
30124,912.9
30125,294.06
30126,196.27
30127,367.35
30128,113.28
30129,323.95
30130,570.39
30131,188.1
30132,182.22
30133,334.82
30134,106.21
30135,312.5
30136,608.75
30137,198.95
30138,306.9
30139,538.68
30140,174.54
30141,533.22
30142,943.63
30143,292.25
30144,204.87
30145,369.14
30146,124.59
30147,356.82
30148,608.13
30149,203.53
30150,226.85
30151,391.56
30152,129.64
30153,396.56
30154,707.0
30155,227.31
30156,371.89
30157,661.84
30158,221.97
30159,651.62
30160,1130.75
30161,354.46
30162,236.96
30163,420.06
30164,125.87
30165,452.24
30166,732.2
30167,240.61
30168,226.55
30169,392.85
30170,129.84
30171,401.39
30172,695.07
30173,224.14
30174,374.14
30175,660.75
30176,221.86
30177,638.29
30178,1122.86
30179,351.97
30180,237.07
30181,422.8
30182,132.95
30183,445.67
30184,697.56
30185,241.98
30186,180.71
30187,303.92
30188,100.91
30189,318.22
30190,557.67
30191,174.33
30192,284.12
30193,539.67
30194,164.67
30195,494.97
30196,926.23
30197,281.81
30198,195.28
30199,339.2
30200,111.56
30201,346.81
30202,627.88
30203,193.63
30204,180.48
30205,303.01
30206,99.09
30207,326.03
30208,549.06
30209,171.96
30210,285.65
30211,546.3
30212,162.84
30213,491.49
30214,924.79
30215,292.84
30216,195.44
30217,324.76
30218,112.25
30219,341.17
30220,619.73
30221,196.79
30222,180.33
30223,308.37
30224,97.65
30225,320.63
30226,549.21
30227,167.34
30228,292.6
30229,547.52
30230,163.23
30231,494.84
30232,911.22
30233,302.97
30234,197.85
30235,325.12
30236,115.79
30237,339.19
30238,608.22
30239,198.2
30240,184.16
30241,316.06
30242,100.52
30243,321.77
30244,522.2
30245,166.61
30246,289.77
30247,540.47
30248,167.63
30249,482.19
30250,907.63
30251,306.15
30252,198.85
30253,335.74
30254,117.09
30255,339.33
30256,615.37
30257,198.5
30258,191.92
30259,331.4
30260,109.27
30261,319.03
30262,546.55
30263,195.81
30264,307.93
30265,548.31
30266,177.99
30267,553.58
30268,925.02
30269,300.99
30270,200.41
30271,342.29
30272,120.56
30273,364.95
30274,614.79
30275,204.04
30276,222.42
30277,392.2
30278,129.14
30279,403.85
30280,699.18
30281,225.97
30282,363.93
30283,631.93
30284,208.29
30285,615.55
30286,1131.86
30287,372.63
30288,258.01
30289,392.18
30290,140.96
30291,437.92
30292,748.91
30293,250.29
30294,222.38
30295,388.7
30296,127.98
30297,403.18
30298,691.13
30299,216.48
30300,369.82
30301,633.5
30302,208.52
30303,611.83
30304,1127.32
30305,386.71
30306,259.92
30307,409.33
30308,141.37
30309,442.32
30310,701.59
30311,247.74
30312,178.71
30313,298.08
30314,106.72
30315,320.59
30316,541.1
30317,180.37
30318,287.43
30319,475.84
30320,165.06
30321,547.6
30322,827.03
30323,301.02
30324,198.95
30325,315.72
30326,111.17
30327,344.09
30328,616.08
30329,186.33
30330,176.15
30331,303.34
30332,103.51
30333,317.23
30334,533.52
30335,183.09
30336,288.62
30337,476.76
30338,168.36
30339,545.17
30340,820.44
30341,290.89
30342,199.66
30343,316.08
30344,115.93
30345,343.6
30346,611.72
30347,189.51
30348,174.43
30349,305.63
30350,102.58
30351,309.31
30352,532.03
30353,183.63
30354,287.26
30355,499.6
30356,169.94
30357,536.43
30358,837.65
30359,285.73
30360,198.43
30361,329.57
30362,117.5
30363,343.59
30364,592.26
30365,197.03
30366,181.81
30367,296.29
30368,102.59
30369,317.32
30370,534.61
30371,183.39
30372,284.22
30373,509.62
30374,162.42
30375,529.22
30376,904.06
30377,285.63
30378,194.68
30379,339.35
30380,117.47
30381,337.28
30382,587.43
30383,197.89
30384,194.27
30385,292.86
30386,111.66
30387,321.37
30388,545.55
30389,185.89
30390,314.49
30391,519.34
30392,179.48
30393,557.81
30394,909.77
30395,308.66
30396,202.78
30397,342.89
30398,118.56
30399,372.0
30400,603.5
30401,203.67
30402,229.77
30403,377.81
30404,133.86
30405,413.06
30406,730.23
30407,230.2
30408,374.88
30409,619.0
30410,206.54
30411,662.64
30412,1051.29
30413,373.48
30414,251.24
30415,374.07
30416,138.26
30417,417.41
30418,734.7
30419,237.34
30420,230.68
30421,370.21
30422,132.97
30423,412.58
30424,713.7
30425,223.84
30426,373.18
30427,622.52
30428,208.9
30429,657.57
30430,1045.7
30431,374.59
30432,247.92
30433,387.04
30434,139.1
30435,418.62
30436,705.06
30437,239.91
30438,178.59
30439,293.51
30440,101.4
30441,311.38
30442,516.7
30443,173.87
30444,306.65
30445,492.28
30446,170.84
30447,508.58
30448,846.1
30449,296.32
30450,196.56
30451,315.49
30452,111.82
30453,361.67
30454,584.7
30455,181.5
30456,175.33
30457,295.04
30458,99.98
30459,318.43
30460,513.71
30461,174.67
30462,307.49
30463,493.54
30464,168.65
30465,517.86
30466,840.99
30467,300.82
30468,199.22
30469,307.67
30470,113.4
30471,353.92
30472,586.53
30473,186.76
30474,173.99
30475,299.19
30476,100.46
30477,326.15
30478,514.91
30479,182.03
30480,306.3
30481,499.81
30482,167.94
30483,521.24
30484,834.99
30485,316.63
30486,201.98
30487,317.21
30488,113.73
30489,351.39
30490,588.19
30491,187.88
30492,181.56
30493,304.42
30494,99.87
30495,329.05
30496,504.67
30497,186.71
30498,302.53
30499,504.39
30500,167.49
30501,509.7
30502,858.05
30503,314.18
30504,190.17
30505,332.59
30506,110.72
30507,339.53
30508,555.2
30509,186.83
30510,198.03
30511,302.94
30512,111.91
30513,330.75
30514,550.44
30515,185.95
30516,309.08
30517,520.19
30518,166.15
30519,549.85
30520,882.89
30521,306.75
30522,200.12
30523,349.52
30524,119.34
30525,361.98
30526,568.79
30527,192.28
30528,233.08
30529,378.02
30530,135.47
30531,413.46
30532,658.67
30533,236.96
30534,350.99
30535,598.47
30536,212.25
30537,655.15
30538,1098.21
30539,375.59
30540,251.55
30541,400.17
30542,142.09
30543,432.71
30544,697.63
30545,238.28
30546,235.96
30547,373.9
30548,132.08
30549,421.9
30550,661.03
30551,224.86
30552,351.09
30553,598.72
30554,217.75
30555,653.95
30556,1100.03
30557,379.3
30558,251.49
30559,412.57
30560,140.01
30561,438.31
30562,685.77
30563,234.22
30564,190.45
30565,287.01
30566,101.96
30567,318.17
30568,499.91
30569,167.43
30570,313.29
30571,486.32
30572,175.08
30573,525.22
30574,875.64
30575,306.08
30576,202.96
30577,329.13
30578,107.99
30579,351.12
30580,547.29
30581,192.09
30582,193.38
30583,286.94
30584,102.71
30585,322.41
30586,508.54
30587,170.9
30588,316.47
30589,484.51
30590,178.72
30591,531.95
30592,867.06
30593,310.14
30594,202.79
30595,315.86
30596,107.96
30597,347.95
30598,555.18
30599,189.67
30600,194.51
30601,293.51
30602,102.59
30603,323.68
30604,527.65
30605,175.51
30606,319.03
30607,489.84
30608,175.38
30609,534.71
30610,845.78
30611,310.21
30612,209.63
30613,314.45
30614,111.42
30615,354.38
30616,563.75
30617,186.07
30618,189.14
30619,299.84
30620,99.8
30621,324.79
30622,524.77
30623,183.07
30624,298.62
30625,494.07
30626,165.38
30627,552.35
30628,849.0
30629,300.03
30630,216.35
30631,317.51
30632,112.76
30633,350.22
30634,555.1
30635,186.44
30636,199.33
30637,303.07
30638,111.21
30639,323.32
30640,538.96
30641,188.72
30642,312.2
30643,503.94
30644,169.55
30645,581.19
30646,879.38
30647,308.91
30648,214.37
30649,336.04
30650,121.2
30651,373.55
30652,568.38
30653,197.83
30654,240.4
30655,374.25
30656,129.14
30657,417.54
30658,609.27
30659,246.89
30660,355.39
30661,594.6
30662,219.18
30663,661.3
30664,1065.8
30665,344.6
30666,244.55
30667,394.81
30668,141.01
30669,420.23
30670,675.77
30671,239.37
30672,252.34
30673,361.38
30674,127.63
30675,413.18
30676,607.22
30677,231.71
30678,360.97
30679,602.55
30680,220.98
30681,698.95
30682,980.33
30683,391.13
30684,256.15
30685,400.99
30686,139.91
30687,420.41
30688,646.21
30689,254.24
30690,177.57
30691,280.63
30692,101.25
30693,322.98
30694,511.16
30695,177.83
30696,293.45
30697,471.14
30698,169.48
30699,526.78
30700,832.44
30701,287.13
30702,210.52
30703,299.98
30704,113.58
30705,369.03
30706,529.85
30707,187.86
30708,177.79
30709,268.14
30710,98.53
30711,329.45
30712,510.66
30713,176.59
30714,293.09
30715,471.08
30716,173.29
30717,530.58
30718,829.53
30719,294.02
30720,208.39
30721,292.86
30722,110.98
30723,360.05
30724,517.37
30725,195.03
30726,182.19
30727,272.25
30728,96.43
30729,337.1
30730,513.07
30731,174.16
30732,297.75
30733,466.08
30734,169.07
30735,521.67
30736,818.89
30737,290.84
30738,215.11
30739,298.27
30740,110.7
30741,356.59
30742,524.28
30743,197.34
30744,191.53
30745,281.09
30746,99.13
30747,338.46
30748,507.89
30749,173.87
30750,303.77
30751,468.28
30752,165.64
30753,515.06
30754,854.99
30755,280.13
30756,199.52
30757,305.68
30758,110.89
30759,352.57
30760,532.19
30761,194.52
30762,201.5
30763,286.13
30764,107.59
30765,340.48
30766,535.26
30767,201.17
30768,328.08
30769,502.01
30770,177.34
30771,554.66
30772,853.55
30773,302.66
30774,204.58
30775,314.5
30776,116.11
30777,380.75
30778,550.61
30779,209.18
30780,241.34
30781,357.16
30782,122.7
30783,412.55
30784,600.78
30785,233.15
30786,401.39
30787,602.42
30788,218.25
30789,708.76
30790,1025.84
30791,373.87
30792,250.86
30793,391.96
30794,133.64
30795,434.62
30796,657.9
30797,249.19
30798,241.54
30799,358.29
30800,127.94
30801,415.58
30802,598.78
30803,230.62
30804,401.85
30805,607.3
30806,220.03
30807,705.44
30808,1051.0
30809,375.9
30810,256.43
30811,400.48
30812,135.56
30813,439.1
30814,657.07
30815,247.68
30816,190.49
30817,280.85
30818,104.75
30819,328.47
30820,492.62
30821,178.7
30822,300.38
30823,459.21
30824,174.24
30825,562.31
30826,827.1
30827,270.87
30828,209.16
30829,307.69
30830,112.97
30831,380.34
30832,548.35
30833,204.75
30834,190.31
30835,270.74
30836,103.54
30837,335.58
30838,493.01
30839,182.74
30840,299.21
30841,465.83
30842,171.54
30843,555.9
30844,816.44
30845,280.67
30846,209.77
30847,296.31
30848,112.65
30849,366.6
30850,530.04
30851,208.28
30852,187.0
30853,276.14
30854,101.4
30855,339.12
30856,498.13
30857,178.35
30858,300.18
30859,462.06
30860,165.12
30861,555.65
30862,819.25
30863,286.51
30864,215.02
30865,297.26
30866,111.32
30867,362.71
30868,541.1
30869,207.86
30870,186.56
30871,287.9
30872,101.91
30873,342.05
30874,507.07
30875,169.67
30876,322.46
30877,472.31
30878,165.63
30879,563.38
30880,853.36
30881,281.61
30882,209.0
30883,304.74
30884,105.55
30885,368.67
30886,555.68
30887,198.31
30888,195.74
30889,295.99
30890,107.59
30891,331.82
30892,545.35
30893,194.73
30894,335.36
30895,492.09
30896,180.24
30897,572.64
30898,864.79
30899,319.07
30900,216.04
30901,331.47
30902,116.82
30903,368.29
30904,553.54
30905,198.58
30906,239.55
30907,365.76
30908,128.43
30909,433.67
30910,599.26
30911,233.69
30912,417.36
30913,547.43
30914,207.49
30915,722.54
30916,1026.76
30917,369.78
30918,291.92
30919,356.23
30920,138.47
30921,441.09
30922,660.66
30923,242.76
30924,240.59
30925,357.86
30926,127.98
30927,429.63
30928,601.25
30929,223.51
30930,406.86
30931,542.27
30932,216.65
30933,718.31
30934,1032.65
30935,364.01
30936,294.48
30937,361.16
30938,137.76
30939,448.7
30940,665.9
30941,243.72
30942,203.71
30943,278.01
30944,102.54
30945,352.67
30946,461.07
30947,182.34
30948,345.67
30949,478.59
30950,166.71
30951,555.38
30952,842.04
30953,285.3
30954,209.5
30955,312.48
30956,110.3
30957,378.84
30958,538.79
30959,181.53
30960,200.97
30961,277.19
30962,104.19
30963,363.41
30964,462.78
30965,184.61
30966,340.77
30967,478.71
30968,166.11
30969,547.04
30970,840.47
30971,284.42
30972,208.61
30973,299.57
30974,111.23
30975,372.61
30976,525.84
30977,182.07
30978,198.11
30979,280.78
30980,102.17
30981,368.07
30982,475.83
30983,181.15
30984,336.08
30985,479.91
30986,165.62
30987,537.37
30988,833.2
30989,283.25
30990,214.25
30991,289.21
30992,111.47
30993,360.55
30994,519.86
30995,182.92
30996,198.39
30997,277.18
30998,102.52
30999,341.32
31000,466.57
31001,180.48
31002,333.65
31003,488.34
31004,179.7
31005,523.73
31006,796.12
31007,283.86
31008,212.37
31009,290.46
31010,111.63
31011,362.7
31012,536.67
31013,185.67
31014,209.67
31015,298.74
31016,105.01
31017,337.6
31018,503.61
31019,190.03
31020,335.14
31021,480.61
31022,173.14
31023,555.5
31024,858.35
31025,305.91
31026,222.87
31027,325.15
31028,114.77
31029,375.12
31030,551.91
31031,203.84
31032,245.2
31033,370.86
31034,130.8
31035,418.04
31036,617.01
31037,222.34
31038,418.46
31039,575.97
31040,200.53
31041,698.77
31042,941.08
31043,367.98
31044,281.21
31045,390.93
31046,141.02
31047,468.04
31048,686.67
31049,236.54
31050,241.41
31051,358.02
31052,130.62
31053,423.51
31054,614.68
31055,222.11
31056,408.85
31057,575.28
31058,209.92
31059,697.04
31060,934.32
31061,366.68
31062,280.95
31063,393.74
31064,137.85
31065,480.61
31066,675.75
31067,237.24
31068,206.1
31069,286.12
31070,100.94
31071,346.16
31072,482.92
31073,175.21
31074,349.52
31075,491.77
31076,160.74
31077,545.78
31078,824.0
31079,296.93
31080,219.45
31081,301.46
31082,122.8
31083,377.41
31084,556.68
31085,199.0
31086,199.75
31087,280.94
31088,101.94
31089,352.98
31090,491.15
31091,176.21
31092,343.63
31093,491.54
31094,157.76
31095,546.08
31096,827.44
31097,297.94
31098,215.3
31099,302.41
31100,123.37
31101,379.34
31102,553.42
31103,204.08
31104,196.43
31105,276.59
31106,102.07
31107,354.97
31108,492.98
31109,174.88
31110,335.85
31111,484.05
31112,161.01
31113,555.5
31114,827.4
31115,296.07
31116,214.2
31117,301.02
31118,118.69
31119,385.5
31120,525.56
31121,205.3
31122,196.27
31123,282.14
31124,101.93
31125,349.35
31126,470.85
31127,179.39
31128,330.4
31129,473.18
31130,168.91
31131,559.64
31132,844.73
31133,294.68
31134,218.62
31135,302.72
31136,112.19
31137,390.82
31138,528.04
31139,203.13
31140,214.89
31141,291.9
31142,108.52
31143,356.5
31144,493.43
31145,184.55
31146,328.09
31147,472.59
31148,173.5
31149,583.16
31150,872.72
31151,311.85
31152,223.65
31153,312.0
31154,116.85
31155,398.5
31156,535.32
31157,209.69
31158,249.36
31159,361.66
31160,130.38
31161,438.37
31162,574.06
31163,224.3
31164,396.51
31165,576.71
31166,210.07
31167,659.98
31168,1019.95
31169,361.13
31170,271.5
31171,396.14
31172,140.05
31173,492.11
31174,674.02
31175,234.55
31176,249.39
31177,352.55
31178,130.72
31179,442.38
31180,585.86
31181,219.06
31182,394.43
31183,570.82
31184,214.64
31185,662.56
31186,1025.88
31187,341.15
31188,277.07
31189,392.26
31190,139.16
31191,501.5
31192,677.29
31193,237.6
31194,207.27
31195,283.53
31196,100.58
31197,361.89
31198,494.11
31199,175.53
31200,344.48
31201,469.09
31202,168.86
31203,568.07
31204,829.27
31205,284.89
31206,217.69
31207,299.47
31208,116.09
31209,385.69
31210,541.42
31211,197.47
31212,204.25
31213,279.35
31214,103.56
31215,346.76
31216,494.31
31217,174.85
31218,337.75
31219,468.88
31220,171.83
31221,553.04
31222,771.03
31223,296.45
31224,214.18
31225,296.76
31226,111.07
31227,370.09
31228,506.82
31229,185.75
31230,201.38
31231,277.1
31232,103.3
31233,359.16
31234,475.59
31235,177.59
31236,339.35
31237,452.06
31238,170.11
31239,561.79
31240,782.41
31241,298.97
31242,207.03
31243,298.51
31244,107.45
31245,375.31
31246,534.09
31247,187.51
31248,200.23
31249,278.74
31250,104.67
31251,348.78
31252,475.01
31253,176.61
31254,338.34
31255,475.79
31256,168.11
31257,574.2
31258,807.98
31259,299.97
31260,216.28
31261,297.97
31262,108.09
31263,376.99
31264,556.03
31265,199.34
31266,208.38
31267,289.38
31268,112.51
31269,343.48
31270,494.54
31271,198.31
31272,335.27
31273,494.85
31274,173.48
31275,587.68
31276,824.01
31277,295.92
31278,231.55
31279,317.97
31280,119.55
31281,393.56
31282,539.21
31283,205.72
31284,241.91
31285,326.12
31286,119.69
31287,463.53
31288,616.19
31289,218.44
31290,415.4
31291,589.41
31292,211.99
31293,762.02
31294,986.21
31295,357.32
31296,294.64
31297,393.37
31298,129.54
31299,477.63
31300,642.02
31301,249.96
31302,243.32
31303,325.78
31304,126.35
31305,461.11
31306,606.83
31307,217.91
31308,418.59
31309,582.7
31310,212.1
31311,753.46
31312,980.15
31313,360.84
31314,297.34
31315,388.48
31316,134.25
31317,466.82
31318,644.0
31319,255.4
31320,206.07
31321,285.05
31322,105.05
31323,374.43
31324,483.5
31325,186.35
31326,327.53
31327,457.5
31328,174.03
31329,599.64
31330,821.8
31331,292.16
31332,220.57
31333,294.4
31334,115.41
31335,389.39
31336,543.7
31337,200.99
31338,201.37
31339,282.63
31340,106.23
31341,364.83
31342,468.94
31343,186.88
31344,335.69
31345,462.58
31346,169.81
31347,585.74
31348,825.41
31349,295.1
31350,227.68
31351,282.21
31352,115.32
31353,393.36
31354,539.75
31355,201.92
31356,201.5
31357,283.2
31358,105.71
31359,365.82
31360,478.01
31361,180.33
31362,341.56
31363,461.27
31364,162.1
31365,579.55
31366,822.91
31367,292.09
31368,225.52
31369,285.12
31370,112.47
31371,398.73
31372,535.59
31373,201.69
31374,209.32
31375,278.49
31376,102.8
31377,360.79
31378,493.85
31379,175.87
31380,345.28
31381,447.42
31382,159.15
31383,589.01
31384,808.59
31385,298.46
31386,224.24
31387,290.98
31388,113.05
31389,400.1
31390,524.61
31391,194.47
31392,215.82
31393,301.84
31394,109.32
31395,380.97
31396,516.07
31397,203.41
31398,349.04
31399,484.38
31400,178.85
31401,613.98
31402,831.35
31403,307.32
31404,241.01
31405,325.86
31406,117.54
31407,418.65
31408,553.8
31409,210.9
31410,262.81
31411,339.17
31412,125.14
31413,450.92
31414,631.67
31415,225.2
31416,415.92
31417,588.21
31418,202.57
31419,781.53
31420,1034.1
31421,374.9
31422,272.35
31423,384.34
31424,139.11
31425,486.99
31426,674.76
31427,239.28
31428,265.24
31429,336.67
31430,130.32
31431,452.08
31432,624.9
31433,227.38
31434,419.74
31435,579.08
31436,202.18
31437,777.69
31438,1039.63
31439,379.69
31440,272.52
31441,381.0
31442,139.58
31443,477.82
31444,673.47
31445,236.01
31446,202.87
31447,289.84
31448,100.22
31449,377.02
31450,486.04
31451,180.22
31452,335.31
31453,455.15
31454,166.9
31455,603.68
31456,780.07
31457,291.39
31458,227.41
31459,320.14
31460,110.21
31461,392.07
31462,544.68
31463,194.84
31464,197.24
31465,290.07
31466,102.78
31467,361.65
31468,467.23
31469,184.81
31470,333.38
31471,460.41
31472,162.57
31473,586.52
31474,764.59
31475,293.09
31476,230.68
31477,312.32
31478,108.75
31479,396.68
31480,538.94
31481,198.89
31482,194.8
31483,279.15
31484,103.1
31485,357.26
31486,465.79
31487,176.79
31488,328.5
31489,461.79
31490,161.14
31491,578.96
31492,769.39
31493,293.53
31494,216.2
31495,312.13
31496,109.95
31497,387.18
31498,529.07
31499,200.18
31500,202.1
31501,279.11
31502,103.23
31503,350.06
31504,469.09
31505,173.2
31506,349.79
31507,446.87
31508,162.39
31509,606.98
31510,781.41
31511,293.5
31512,219.42
31513,300.52
31514,110.15
31515,397.05
31516,524.84
31517,199.4
31518,213.46
31519,304.93
31520,109.91
31521,378.19
31522,513.85
31523,184.98
31524,369.02
31525,492.65
31526,177.7
31527,631.21
31528,837.51
31529,309.87
31530,235.19
31531,314.82
31532,114.5
31533,422.21
31534,548.86
31535,206.97
31536,256.74
31537,367.77
31538,122.2
31539,491.82
31540,624.95
31541,216.11
31542,443.62
31543,585.57
31544,202.83
31545,750.49
31546,1052.58
31547,351.73
31548,287.12
31549,384.19
31550,146.24
31551,501.92
31552,673.73
31553,253.44
31554,261.31
31555,360.12
31556,130.9
31557,483.62
31558,630.71
31559,219.64
31560,441.67
31561,581.04
31562,202.22
31563,767.7
31564,1055.17
31565,350.29
31566,302.41
31567,386.26
31568,145.68
31569,496.05
31570,675.52
31571,251.22
31572,222.24
31573,282.52
31574,101.75
31575,367.9
31576,488.95
31577,175.51
31578,355.46
31579,459.13
31580,167.15
31581,611.09
31582,817.49
31583,283.86
31584,229.82
31585,308.82
31586,105.68
31587,387.9
31588,524.54
31589,200.13
31590,217.46
31591,283.78
31592,105.2
31593,348.94
31594,501.52
31595,180.58
31596,358.6
31597,466.01
31598,168.55
31599,612.86
31600,834.16
31601,298.07
31602,232.5
31603,298.3
31604,104.8
31605,404.66
31606,529.0
31607,197.81
31608,214.96
31609,276.26
31610,103.53
31611,345.4
31612,515.99
31613,178.95
31614,359.18
31615,468.26
31616,167.43
31617,632.37
31618,870.77
31619,295.84
31620,226.98
31621,303.09
31622,108.14
31623,398.84
31624,535.96
31625,192.7
31626,214.66
31627,279.81
31628,103.67
31629,352.41
31630,509.29
31631,180.89
31632,354.77
31633,460.15
31634,163.98
31635,661.28
31636,875.09
31637,285.38
31638,226.43
31639,309.58
31640,108.77
31641,401.3
31642,535.41
31643,196.74
31644,221.21
31645,300.77
31646,113.49
31647,381.33
31648,504.37
31649,185.15
31650,351.59
31651,501.02
31652,174.34
31653,661.0
31654,836.09
31655,316.05
31656,240.56
31657,328.62
31658,116.49
31659,421.98
31660,556.23
31661,197.64
31662,267.08
31663,370.63
31664,125.33
31665,471.7
31666,606.86
31667,232.96
31668,460.48
31669,588.24
31670,201.1
31671,750.43
31672,1048.7
31673,371.52
31674,294.01
31675,398.19
31676,140.37
31677,529.75
31678,700.76
31679,243.04
31680,265.96
31681,367.38
31682,129.87
31683,461.69
31684,610.26
31685,230.06
31686,454.32
31687,588.73
31688,200.06
31689,773.1
31690,1044.03
31691,372.81
31692,302.03
31693,394.08
31694,140.89
31695,529.73
31696,704.86
31697,242.35
31698,217.92
31699,284.05
31700,100.98
31701,379.58
31702,503.54
31703,178.14
31704,370.79
31705,456.24
31706,171.66
31707,638.55
31708,821.43
31709,282.93
31710,235.99
31711,304.71
31712,112.69
31713,382.09
31714,540.61
31715,189.63
31716,216.13
31717,287.01
31718,103.5
31719,373.67
31720,516.66
31721,181.74
31722,366.32
31723,466.05
31724,169.77
31725,638.02
31726,823.47
31727,282.3
31728,237.28
31729,300.02
31730,111.83
31731,399.83
31732,540.28
31733,185.89
31734,214.95
31735,286.62
31736,100.96
31737,372.87
31738,519.97
31739,177.88
31740,364.39
31741,475.28
31742,171.01
31743,630.58
31744,835.7
31745,284.26
31746,231.88
31747,308.14
31748,112.22
31749,400.64
31750,534.34
31751,191.82
31752,209.65
31753,288.94
31754,98.31
31755,373.72
31756,517.69
31757,179.41
31758,370.52
31759,475.38
31760,171.35
31761,661.51
31762,845.65
31763,296.09
31764,226.11
31765,305.44
31766,112.39
31767,417.75
31768,513.5
31769,197.84
31770,212.55
31771,293.43
31772,104.66
31773,374.65
31774,521.15
31775,199.36
31776,375.72
31777,504.61
31778,173.86
31779,640.32
31780,870.23
31781,297.02
31782,241.68
31783,335.4
31784,118.29
31785,445.38
31786,522.11
31787,198.77
31788,271.42
31789,389.89
31790,125.68
31791,474.29
31792,629.41
31793,230.85
31794,430.27
31795,584.59
31796,205.36
31797,751.81
31798,1045.22
31799,370.02
31800,300.58
31801,395.19
31802,137.89
31803,493.2
31804,673.1
31805,237.26
31806,272.58
31807,385.45
31808,127.54
31809,476.67
31810,642.59
31811,234.78
31812,416.78
31813,594.87
31814,209.38
31815,768.19
31816,1058.88
31817,366.98
31818,307.6
31819,394.2
31820,139.84
31821,498.32
31822,678.78
31823,237.65
31824,230.61
31825,302.67
31826,106.42
31827,397.09
31828,554.34
31829,185.77
31830,356.65
31831,482.21
31832,174.16
31833,638.61
31834,810.4
31835,278.67
31836,255.22
31837,336.54
31838,122.18
31839,429.16
31840,553.43
31841,201.64
31842,237.54
31843,306.17
31844,107.84
31845,419.2
31846,574.87
31847,189.42
31848,364.59
31849,482.4
31850,171.61
31851,629.12
31852,788.59
31853,289.67
31854,255.5
31855,335.07
31856,123.28
31857,433.8
31858,573.03
31859,208.9
31860,244.59
31861,339.3
31862,111.36
31863,440.16
31864,578.61
31865,192.2
31866,375.08
31867,480.23
31868,165.93
31869,616.43
31870,784.32
31871,290.87
31872,252.78
31873,346.45
31874,119.27
31875,481.11
31876,599.13
31877,217.44
31878,253.19
31879,335.3
31880,114.03
31881,427.86
31882,573.17
31883,193.49
31884,366.64
31885,463.83
31886,168.12
31887,633.32
31888,803.58
31889,295.88
31890,257.58
31891,351.91
31892,118.28
31893,470.08
31894,614.23
31895,215.12
31896,260.67
31897,326.28
31898,110.73
31899,436.38
31900,591.58
31901,207.38
31902,380.93
31903,506.29
31904,174.63
31905,653.59
31906,852.23
31907,304.67
31908,268.56
31909,360.62
31910,125.05
31911,500.4
31912,626.05
31913,218.8
31914,292.84
31915,409.47
31916,126.98
31917,512.89
31918,630.26
31919,223.63
31920,441.32
31921,583.52
31922,207.66
31923,772.36
31924,1043.54
31925,353.74
31926,316.82
31927,398.89
31928,144.49
31929,548.61
31930,710.43
31931,263.31
31932,284.29
31933,407.06
31934,131.98
31935,513.95
31936,636.74
31937,220.64
31938,436.82
31939,587.38
31940,207.05
31941,782.71
31942,1035.34
31943,356.18
31944,303.24
31945,405.34
31946,146.75
31947,548.05
31948,706.65
31949,262.28
31950,244.49
31951,320.8
31952,103.03
31953,432.19
31954,532.62
31955,183.98
31956,349.24
31957,473.37
31958,174.34
31959,618.73
31960,881.81
31961,289.44
31962,244.9
31963,346.64
31964,113.07
31965,429.11
31966,603.18
31967,201.22
31968,240.85
31969,316.66
31970,99.84
31971,401.99
31972,509.39
31973,182.4
31974,344.38
31975,474.44
31976,172.74
31977,610.39
31978,886.89
31979,302.33
31980,239.95
31981,331.27
31982,111.17
31983,425.49
31984,564.6
31985,193.37
31986,219.12
31987,312.83
31988,99.59
31989,393.83
31990,509.8
31991,175.82
31992,347.4
31993,475.83
31994,168.01
31995,606.26
31996,878.45
31997,292.82
31998,239.49
31999,337.65
32000,115.77
32001,424.25
32002,567.21
32003,184.64
32004,216.75
32005,309.63
32006,103.37
32007,389.94
32008,518.92
32009,171.98
32010,363.22
32011,484.87
32012,166.2
32013,662.69
32014,841.41
32015,294.8
32016,233.7
32017,330.95
32018,116.23
32019,434.9
32020,579.06
32021,187.48
32022,229.46
32023,311.19
32024,109.34
32025,404.25
32026,535.75
32027,194.66
32028,377.39
32029,520.2
32030,182.91
32031,680.68
32032,849.23
32033,302.19
32034,259.85
32035,348.06
32036,119.37
32037,456.27
32038,586.82
32039,206.28
32040,291.18
32041,383.06
32042,120.91
32043,486.11
32044,654.7
32045,223.51
32046,453.76
32047,597.53
32048,208.21
32049,761.48
32050,1062.01
32051,358.26
32052,314.08
32053,402.41
32054,137.17
32055,519.81
32056,714.73
32057,242.95
32058,275.98
32059,393.96
32060,121.48
32061,484.48
32062,662.57
32063,224.13
32064,453.87
32065,604.91
32066,214.31
32067,778.55
32068,1061.43
32069,361.29
32070,307.24
32071,418.93
32072,135.77
32073,529.56
32074,716.05
32075,241.88
32076,213.96
32077,303.12
32078,102.7
32079,370.89
32080,528.7
32081,176.96
32082,374.39
32083,462.22
32084,172.01
32085,646.22
32086,829.73
32087,290.99
32088,244.7
32089,327.12
32090,112.33
32091,427.96
32092,613.45
32093,195.33
32094,210.92
32095,305.58
32096,101.74
32097,374.18
32098,519.11
32099,176.4
32100,354.54
32101,473.88
32102,171.13
32103,639.27
32104,835.85
32105,292.1
32106,241.78
32107,330.62
32108,111.28
32109,434.68
32110,568.97
32111,193.24
32112,211.27
32113,308.22
32114,99.36
32115,387.35
32116,517.82
32117,171.39
32118,350.37
32119,509.25
32120,169.29
32121,639.42
32122,860.06
32123,285.31
32124,233.73
32125,340.0
32126,108.33
32127,425.16
32128,549.79
32129,191.08
32130,217.14
32131,303.71
32132,99.64
32133,398.51
32134,524.94
32135,171.32
32136,369.34
32137,499.88
32138,167.34
32139,664.76
32140,892.97
32141,287.87
32142,233.85
32143,344.91
32144,113.97
32145,420.77
32146,552.67
32147,186.77
32148,230.91
32149,299.19
32150,108.77
32151,407.81
32152,550.81
32153,190.05
32154,386.63
32155,529.74
32156,173.22
32157,693.15
32158,924.91
32159,297.15
32160,262.98
32161,344.36
32162,116.9
32163,437.74
32164,614.95
32165,207.68
32166,296.35
32167,379.69
32168,125.43
32169,473.42
32170,637.54
32171,210.0
32172,447.2
32173,650.48
32174,202.39
32175,783.48
32176,1063.71
32177,363.15
32178,306.24
32179,407.42
32180,139.46
32181,554.0
32182,702.99
32183,239.18
32184,279.75
32185,387.4
32186,123.6
32187,477.57
32188,651.66
32189,214.64
32190,445.58
32191,653.48
32192,206.56
32193,781.03
32194,1069.25
32195,363.69
32196,304.24
32197,410.49
32198,139.0
32199,545.64
32200,711.18
32201,238.91
32202,229.44
32203,291.03
32204,98.74
32205,397.12
32206,546.59
32207,181.73
32208,382.48
32209,534.48
32210,164.78
32211,622.71
32212,901.77
32213,294.54
32214,239.47
32215,349.76
32216,114.71
32217,417.89
32218,611.09
32219,195.53
32220,226.82
32221,304.23
32222,99.44
32223,403.97
32224,542.77
32225,181.94
32226,371.07
32227,533.6
32228,165.78
32229,621.16
32230,888.14
32231,296.8
32232,238.63
32233,354.95
32234,114.23
32235,418.1
32236,601.48
32237,195.11
32238,227.27
32239,313.77
32240,100.49
32241,404.19
32242,533.67
32243,176.99
32244,379.4
32245,530.91
32246,170.97
32247,612.4
32248,887.08
32249,291.73
32250,232.1
32251,365.85
32252,115.66
32253,418.07
32254,600.38
32255,197.18
32256,231.66
32257,302.77
32258,103.27
32259,396.01
32260,523.89
32261,174.81
32262,381.18
32263,533.51
32264,170.77
32265,655.27
32266,922.71
32267,287.75
32268,227.22
32269,360.21
32270,110.98
32271,420.51
32272,604.76
32273,194.99
32274,238.75
32275,314.82
32276,108.4
32277,395.06
32278,544.78
32279,193.95
32280,386.28
32281,545.55
32282,174.52
32283,683.48
32284,925.38
32285,314.65
32286,257.92
32287,346.09
32288,119.61
32289,459.83
32290,627.18
32291,199.39
32292,283.86
32293,390.04
32294,122.42
32295,471.8
32296,666.0
32297,243.3
32298,436.71
32299,639.48
32300,208.7
32301,763.99
32302,1092.12
32303,346.08
32304,313.03
32305,416.34
32306,140.71
32307,541.05
32308,730.52
32309,238.39
32310,284.23
32311,413.26
32312,127.53
32313,488.7
32314,717.88
32315,217.54
32316,468.99
32317,635.53
32318,202.74
32319,796.51
32320,1123.55
32321,342.17
32322,309.97
32323,444.65
32324,141.66
32325,546.04
32326,750.2
32327,246.68
32328,226.43
32329,299.03
32330,99.25
32331,380.22
32332,517.36
32333,174.35
32334,378.45
32335,517.47
32336,173.91
32337,648.09
32338,909.38
32339,281.39
32340,250.88
32341,385.29
32342,105.74
32343,442.93
32344,619.12
32345,189.59
32346,228.23
32347,309.0
32348,97.19
32349,370.2
32350,517.69
32351,175.42
32352,370.05
32353,507.5
32354,170.24
32355,647.01
32356,927.7
32357,284.5
32358,248.38
32359,368.99
32360,106.2
32361,450.61
32362,620.16
32363,194.09
32364,231.65
32365,314.55
32366,95.91
32367,384.56
32368,535.81
32369,183.89
32370,380.83
32371,502.61
32372,161.69
32373,643.69
32374,952.33
32375,284.79
32376,244.89
32377,343.84
32378,106.49
32379,442.84
32380,613.66
32381,192.81
32382,230.95
32383,315.61
32384,98.85
32385,402.28
32386,528.35
32387,190.44
32388,386.56
32389,513.03
32390,163.18
32391,659.77
32392,940.37
32393,289.24
32394,245.23
32395,334.46
32396,106.66
32397,407.66
32398,630.51
32399,196.03
32400,231.83
32401,330.3
32402,109.5
32403,428.05
32404,549.3
32405,196.43
32406,393.94
32407,528.73
32408,169.9
32409,701.61
32410,956.77
32411,312.34
32412,241.04
32413,347.39
32414,118.53
32415,468.14
32416,647.6
32417,206.61
32418,302.36
32419,439.15
32420,121.93
32421,548.18
32422,724.54
32423,237.28
32424,446.89
32425,671.41
32426,209.19
32427,809.9
32428,1149.6
32429,342.91
32430,332.88
32431,446.22
32432,136.64
32433,523.67
32434,763.62
32435,253.59
32436,304.03
32437,480.94
32438,128.9
32439,560.21
32440,741.57
32441,240.42
32442,442.3
32443,673.48
32444,209.57
32445,811.91
32446,1116.72
32447,335.77
32448,320.36
32449,439.96
32450,142.4
32451,521.69
32452,776.52
32453,250.86
32454,252.55
32455,360.68
32456,116.56
32457,466.68
32458,622.29
32459,197.94
32460,368.01
32461,541.06
32462,174.25
32463,648.36
32464,926.12
32465,285.69
32466,246.07
32467,363.15
32468,107.39
32469,444.05
32470,584.83
32471,195.74
32472,253.68
32473,373.11
32474,114.73
32475,472.04
32476,648.39
32477,199.75
32478,356.64
32479,545.27
32480,167.48
32481,648.87
32482,928.82
32483,282.65
32484,240.2
32485,349.16
32486,108.13
32487,449.05
32488,597.18
32489,191.61
32490,253.61
32491,382.64
32492,109.87
32493,458.9
32494,630.92
32495,195.94
32496,361.97
32497,544.98
32498,161.55
32499,658.96
32500,929.18
32501,280.85
32502,240.49
32503,352.06
32504,110.46
32505,442.65
32506,616.55
32507,194.97
32508,263.81
32509,379.85
32510,108.59
32511,435.45
32512,610.69
32513,181.82
32514,374.05
32515,548.01
32516,161.24
32517,656.19
32518,936.99
32519,285.12
32520,242.05
32521,361.87
32522,110.67
32523,431.59
32524,656.16
32525,193.2
32526,242.82
32527,370.09
32528,109.97
32529,430.97
32530,604.34
32531,194.74
32532,387.19
32533,553.02
32534,180.76
32535,678.83
32536,954.94
32537,299.74
32538,264.13
32539,365.27
32540,125.14
32541,458.91
32542,659.06
32543,201.89
32544,295.07
32545,413.31
32546,122.86
32547,504.18
32548,762.34
32549,228.31
32550,482.1
32551,697.44
32552,204.27
32553,802.6
32554,1228.05
32555,357.49
32556,313.03
32557,430.28
32558,142.86
32559,537.16
32560,753.29
32561,242.34
32562,278.36
32563,419.77
32564,126.15
32565,517.22
32566,773.51
32567,221.92
32568,480.01
32569,688.25
32570,207.17
32571,809.46
32572,1239.73
32573,352.12
32574,313.41
32575,428.42
32576,142.57
32577,537.06
32578,763.4
32579,239.41
32580,221.55
32581,335.94
32582,100.64
32583,409.04
32584,604.04
32585,189.21
32586,387.93
32587,550.3
32588,171.05
32589,677.45
32590,942.03
32591,291.88
32592,249.94
32593,390.36
32594,108.53
32595,427.22
32596,613.62
32597,187.46
32598,227.28
32599,332.02
32600,101.78
32601,404.99
32602,604.47
32603,190.79
32604,374.63
32605,554.2
32606,174.13
32607,679.16
32608,964.88
32609,288.69
32610,245.83
32611,362.79
32612,113.47
32613,438.27
32614,632.86
32615,186.99
32616,235.61
32617,325.79
32618,101.21
32619,398.57
32620,585.01
32621,181.81
32622,370.51
32623,557.72
32624,170.13
32625,673.53
32626,961.42
32627,284.6
32628,246.4
32629,352.91
32630,115.66
32631,440.03
32632,645.32
32633,194.93
32634,233.42
32635,329.67
32636,102.74
32637,414.18
32638,573.05
32639,177.32
32640,382.82
32641,559.78
32642,167.62
32643,639.84
32644,947.8
32645,285.7
32646,247.2
32647,363.66
32648,112.91
32649,442.06
32650,643.36
32651,197.84
32652,239.24
32653,348.11
32654,102.49
32655,425.04
32656,593.17
32657,187.72
32658,399.91
32659,567.22
32660,175.48
32661,634.26
32662,969.56
32663,302.95
32664,278.06
32665,374.19
32666,123.8
32667,463.62
32668,633.4
32669,198.95
32670,294.7
32671,413.5
32672,130.29
32673,482.48
32674,704.58
32675,213.5
32676,477.32
32677,697.29
32678,199.75
32679,826.08
32680,1220.01
32681,361.59
32682,316.55
32683,469.44
32684,142.55
32685,527.23
32686,788.57
32687,243.3
32688,289.34
32689,435.96
32690,133.03
32691,496.94
32692,710.75
32693,215.81
32694,477.52
32695,683.3
32696,201.36
32697,834.88
32698,1237.02
32699,360.8
32700,314.62
32701,482.65
32702,139.54
32703,533.48
32704,795.48
32705,240.89
32706,237.01
32707,362.61
32708,102.38
32709,410.6
32710,614.24
32711,178.72
32712,384.22
32713,577.21
32714,168.46
32715,695.66
32716,1000.84
32717,282.08
32718,265.94
32719,364.59
32720,113.65
32721,451.55
32722,691.28
32723,202.51
32724,244.58
32725,386.12
32726,104.4
32727,420.18
32728,625.64
32729,181.82
32730,390.34
32731,588.05
32732,172.1
32733,725.96
32734,1027.45
32735,296.07
32736,264.07
32737,368.8
32738,117.27
32739,458.51
32740,691.07
32741,201.86
32742,250.64
32743,413.91
32744,105.28
32745,441.21
32746,676.53
32747,198.18
32748,407.71
32749,630.85
32750,175.37
32751,742.51
32752,1088.16
32753,304.4
32754,289.57
32755,416.26
32756,129.48
32757,511.08
32758,760.43
32759,203.98
32760,317.93
32761,460.59
32762,128.39
32763,537.45
32764,799.13
32765,233.76
32766,469.08
32767,685.3
32768,200.09
32769,773.94
32770,1203.73
32771,364.15
32772,314.67
32773,527.23
32774,150.67
32775,594.2
32776,899.73
32777,269.26
32778,451.69
32779,613.82
32780,171.74
32781,771.03
32782,1271.86
32783,317.29
32784,595.36
32785,910.21
32786,263.16
32787,1144.26
32788,1702.3
32789,420.68
32790,490.58
32791,712.95
32792,186.98
32793,823.19
32794,1185.68
32795,334.93
32796,643.32
32797,987.8
32798,260.97
32799,1172.39
32800,1605.97
32801,496.31
32802,873.09
32803,1354.64
32804,393.74
32805,1544.04
32806,2481.39
32807,743.1
32808,640.1
32809,1035.91
32810,309.64
32811,1264.77
32812,1863.08
32813,518.26
32814,747.38
32815,1072.81
32816,303.12
32817,1267.74
32818,1796.08
32819,540.74
32820,1026.73
32821,1680.06
32822,489.16
32823,1800.78
32824,2730.77
32825,842.09
32826,718.98
32827,1122.09
32828,333.74
32829,1340.17
32830,2124.27
32831,583.1
32832,478.59
32833,778.84
32834,236.36
32835,851.37
32836,1221.43
32837,373.21
32838,737.56
32839,1168.57
32840,356.02
32841,1347.0
32842,2086.34
32843,568.19
32844,574.93
32845,821.98
32846,252.69
32847,1023.14
32848,1484.75
32849,403.38
32850,470.14
32851,771.01
32852,233.65
32853,823.2
32854,1199.46
32855,366.5
32856,716.38
32857,1152.66
32858,351.77
32859,1325.0
32860,2070.64
32861,563.53
32862,565.47
32863,799.12
32864,248.47
32865,1013.95
32866,1458.13
32867,412.48
